Query Title,Query File,Database File,Search Method,Positive/redundant (+) or negative (-) hit for queries with query title (edit this column),Hit Number,E-value,Order of magnitude of E-value difference compared to top hit,Length as percent of top hit sequence length,Accession,Description
AP1beta,AP1beta_Athaliana_NP_194077.1_query.faa,Arabidopsis_thaliana.faa,blastp 2.9.0+,+,1,0,0,100,NP_194077.1,NP_194077.1 Adaptin family protein [Arabidopsis thaliana]
AP1beta,AP1beta_Athaliana_NP_194077.1_query.faa,Arabidopsis_thaliana.faa,blastp 2.9.0+,+,2,0,0,100,NP_192877.1,NP_192877.1 Adaptin family protein [Arabidopsis thaliana]
AP1beta,AP1beta_Athaliana_NP_194077.1_query.faa,Arabidopsis_thaliana.faa,blastp 2.9.0+,+,3,0,0,89,NP_001328014.1,NP_001328014.1 Adaptin family protein [Arabidopsis thaliana]
AP1beta,AP1beta_Athaliana_NP_194077.1_query.faa,Arabidopsis_thaliana.faa,blastp 2.9.0+,+,4,0,0,103,NP_001190701.1,NP_001190701.1 Adaptin family protein [Arabidopsis thaliana]
AP1beta,AP1beta_Athaliana_NP_194077.1_query.faa,Arabidopsis_thaliana.faa,blastp 2.9.0+,-,5,2.42E-110,190,94,NP_196710.1,NP_196710.1 adaptin family protein [Arabidopsis thaliana]
AP1beta,AP1beta_Athaliana_NP_194077.1_query.faa,Arabidopsis_thaliana.faa,blastp 2.9.0+,-,6,3.47E-110,191,95,NP_001190290.1,NP_001190290.1 adaptin family protein [Arabidopsis thaliana]
AP1beta,AP1beta_Athaliana_NP_194077.1_query.faa,Arabidopsis_thaliana.faa,blastp 2.9.0+,-,7,1.58E-105,195,89,NP_001330519.1,NP_001330519.1 adaptin family protein [Arabidopsis thaliana]
AP1beta,AP1beta_Athaliana_NP_194077.1_query.faa,Arabidopsis_thaliana.faa,blastp 2.9.0+,-,8,6.59E-30,271,125,NP_974443.4,NP_974443.4 protein affected trafficking 2 [Arabidopsis thaliana]
AP1beta,AP1beta_Athaliana_NP_194077.1_query.faa,Arabidopsis_thaliana.faa,blastp 2.9.0+,-,9,2.02E-22,278,111,NP_567022.1,NP_567022.1 protein affected trafficking 2 [Arabidopsis thaliana]
AP1beta,AP1beta_Athaliana_NP_194077.1_query.faa,Arabidopsis_thaliana.faa,blastp 2.9.0+,-,10,1.00E-10,290,109,NP_001328341.1,"NP_001328341.1 Coatomer, beta subunit [Arabidopsis thaliana]"
AP1beta,AP1beta_Athaliana_NP_194077.1_query.faa,Arabidopsis_thaliana.faa,blastp 2.9.0+,-,11,1.00E-10,290,109,NP_001328340.1,"NP_001328340.1 Coatomer, beta subunit [Arabidopsis thaliana]"
AP1beta,AP1beta_Athaliana_NP_194077.1_query.faa,Arabidopsis_thaliana.faa,blastp 2.9.0+,-,12,1.01E-10,290,113,NP_851058.1,NP_851058.1 alpha-adaptin [Arabidopsis thaliana]
AP1beta,AP1beta_Athaliana_NP_194077.1_query.faa,Arabidopsis_thaliana.faa,blastp 2.9.0+,-,13,1.01E-10,290,113,NP_851057.1,NP_851057.1 alpha-adaptin [Arabidopsis thaliana]
AP1beta,AP1beta_Athaliana_NP_194077.1_query.faa,Arabidopsis_thaliana.faa,blastp 2.9.0+,-,14,1.01E-10,290,113,NP_197669.1,NP_197669.1 alpha-adaptin [Arabidopsis thaliana]
AP1beta,AP1beta_Athaliana_NP_194077.1_query.faa,Arabidopsis_thaliana.faa,blastp 2.9.0+,-,15,1.01E-10,290,113,NP_001330971.1,NP_001330971.1 alpha-adaptin [Arabidopsis thaliana]
AP1beta,AP1beta_Athaliana_NP_194077.1_query.faa,Arabidopsis_thaliana.faa,blastp 2.9.0+,-,16,1.01E-10,290,113,NP_001330970.1,NP_001330970.1 alpha-adaptin [Arabidopsis thaliana]
AP1beta,AP1beta_Athaliana_NP_194077.1_query.faa,Arabidopsis_thaliana.faa,blastp 2.9.0+,-,17,1.01E-10,290,113,NP_001330969.1,NP_001330969.1 alpha-adaptin [Arabidopsis thaliana]
AP1beta,AP1beta_Athaliana_NP_194077.1_query.faa,Arabidopsis_thaliana.faa,blastp 2.9.0+,-,18,1.01E-10,290,106,NP_194877.2,"NP_194877.2 Coatomer, beta subunit [Arabidopsis thaliana]"
AP1beta,AP1beta_Athaliana_NP_194077.1_query.faa,Arabidopsis_thaliana.faa,blastp 2.9.0+,-,19,1.01E-10,290,106,NP_001329406.1,"NP_001329406.1 Coatomer, beta subunit [Arabidopsis thaliana]"
AP1beta,AP1beta_Athaliana_NP_194077.1_query.faa,Arabidopsis_thaliana.faa,blastp 2.9.0+,-,20,1.01E-10,290,106,NP_001329405.1,"NP_001329405.1 Coatomer, beta subunit [Arabidopsis thaliana]"
AP1beta,AP1beta_Athaliana_NP_194077.1_query.faa,Arabidopsis_thaliana.faa,blastp 2.9.0+,-,21,1.92E-10,290,106,NP_194876.2,"NP_194876.2 Coatomer, beta subunit [Arabidopsis thaliana]"
AP1beta,AP1beta_Athaliana_NP_194077.1_query.faa,Arabidopsis_thaliana.faa,blastp 2.9.0+,-,22,1.92E-10,290,106,NP_001328342.1,"NP_001328342.1 Coatomer, beta subunit [Arabidopsis thaliana]"
AP1beta,AP1beta_Athaliana_NP_194077.1_query.faa,Arabidopsis_thaliana.faa,blastp 2.9.0+,-,23,1.92E-10,290,106,NP_001328339.1,"NP_001328339.1 Coatomer, beta subunit [Arabidopsis thaliana]"
AP1beta,AP1beta_Athaliana_NP_194077.1_query.faa,Arabidopsis_thaliana.faa,blastp 2.9.0+,-,24,1.92E-10,290,106,NP_001328338.1,"NP_001328338.1 Coatomer, beta subunit [Arabidopsis thaliana]"
AP1beta,AP1beta_Athaliana_NP_194077.1_query.faa,Arabidopsis_thaliana.faa,blastp 2.9.0+,-,25,1.92E-10,290,106,NP_001328337.1,"NP_001328337.1 Coatomer, beta subunit [Arabidopsis thaliana]"
AP1beta,AP1beta_Athaliana_NP_194077.1_query.faa,Arabidopsis_thaliana.faa,blastp 2.9.0+,-,26,1.92E-10,290,106,NP_001320104.1,"NP_001320104.1 Coatomer, beta subunit [Arabidopsis thaliana]"
AP1beta,AP1beta_Athaliana_NP_194077.1_query.faa,Arabidopsis_thaliana.faa,blastp 2.9.0+,-,27,1.92E-10,290,106,NP_001190880.1,"NP_001190880.1 Coatomer, beta subunit [Arabidopsis thaliana]"
AP1beta,AP1beta_Athaliana_NP_194077.1_query.faa,Arabidopsis_thaliana.faa,blastp 2.9.0+,-,28,4.12E-10,291,113,NP_197670.1,"NP_197670.1 Adaptor protein complex AP-2, alpha subunit [Arabidopsis thaliana]"
AP1beta,AP1beta_Athaliana_NP_194077.1_query.faa,Arabidopsis_thaliana.faa,blastp 2.9.0+,-,29,4.12E-10,291,113,NP_001330127.1,"NP_001330127.1 Adaptor protein complex AP-2, alpha subunit [Arabidopsis thaliana]"
AP1beta,AP1beta_Athaliana_NP_194077.1_query.faa,Arabidopsis_thaliana.faa,blastp 2.9.0+,-,30,2.15E-08,292,101,NP_001185270.1,"NP_001185270.1 Adaptor protein complex AP-1, gamma subunit [Arabidopsis thaliana]"
AP1beta,AP1beta_Athaliana_NP_194077.1_query.faa,Arabidopsis_thaliana.faa,blastp 2.9.0+,-,31,2.64E-08,292,97,NP_176215.2,"NP_176215.2 Adaptor protein complex AP-1, gamma subunit [Arabidopsis thaliana]"
AP1beta,AP1beta_Athaliana_NP_194077.1_query.faa,Arabidopsis_thaliana.faa,blastp 2.9.0+,-,32,2.75E-06,294,97,NP_001322140.1,NP_001322140.1 gamma-adaptin 1 [Arabidopsis thaliana]
AP1beta,AP1beta_Athaliana_NP_194077.1_query.faa,Arabidopsis_thaliana.faa,blastp 2.9.0+,-,33,2.88E-06,294,98,NP_849701.1,NP_849701.1 gamma-adaptin 1 [Arabidopsis thaliana]
AP1beta,AP1beta_Athaliana_NP_194077.1_query.faa,Arabidopsis_thaliana.faa,blastp 2.9.0+,-,34,2.88E-06,294,98,NP_173802.1,NP_173802.1 gamma-adaptin 1 [Arabidopsis thaliana]
AP1beta,AP1beta_Athaliana_NP_194077.1_query.faa,Arabidopsis_thaliana.faa,blastp 2.9.0+,-,35,0.00129302,297,97,NP_849785.1,NP_849785.1 delta-adaptin [Arabidopsis thaliana]
AP1beta,AP1beta_Athaliana_NP_194077.1_query.faa,Arabidopsis_thaliana.faa,blastp 2.9.0+,-,36,0.00129302,297,97,NP_175308.1,NP_175308.1 delta-adaptin [Arabidopsis thaliana]
AP1beta,AP1beta_Athaliana_NP_194077.1_query.faa,Arabidopsis_thaliana.faa,blastp 2.9.0+,-,37,0.00129302,297,97,NP_001031156.1,NP_001031156.1 delta-adaptin [Arabidopsis thaliana]
AP1beta,AP1beta_Athaliana_NP_194077.1_query.faa,Arabidopsis_thaliana.faa,blastp 2.9.0+,-,38,0.0049898,298,105,NP_174454.2,NP_174454.2 Adaptin family protein [Arabidopsis thaliana]
AP1beta,AP1beta_Athaliana_NP_194077.1_query.faa,Arabidopsis_thaliana.faa,blastp 2.9.0+,-,39,0.00843818,298,92,NP_178730.2,NP_178730.2 ARM repeat superfamily protein [Arabidopsis thaliana]
AP2alpha,AP2alpha_Athaliana_NP_851058.1_query.faa,Arabidopsis_thaliana.faa,blastp 2.9.0+,+,1,0,0,100,NP_851058.1,NP_851058.1 alpha-adaptin [Arabidopsis thaliana]
AP2alpha,AP2alpha_Athaliana_NP_851058.1_query.faa,Arabidopsis_thaliana.faa,blastp 2.9.0+,+,2,0,0,100,NP_851057.1,NP_851057.1 alpha-adaptin [Arabidopsis thaliana]
AP2alpha,AP2alpha_Athaliana_NP_851058.1_query.faa,Arabidopsis_thaliana.faa,blastp 2.9.0+,+,3,0,0,100,NP_197669.1,NP_197669.1 alpha-adaptin [Arabidopsis thaliana]
AP2alpha,AP2alpha_Athaliana_NP_851058.1_query.faa,Arabidopsis_thaliana.faa,blastp 2.9.0+,+,4,0,0,100,NP_001330971.1,NP_001330971.1 alpha-adaptin [Arabidopsis thaliana]
AP2alpha,AP2alpha_Athaliana_NP_851058.1_query.faa,Arabidopsis_thaliana.faa,blastp 2.9.0+,+,5,0,0,100,NP_001330970.1,NP_001330970.1 alpha-adaptin [Arabidopsis thaliana]
AP2alpha,AP2alpha_Athaliana_NP_851058.1_query.faa,Arabidopsis_thaliana.faa,blastp 2.9.0+,+,6,0,0,100,NP_001330969.1,NP_001330969.1 alpha-adaptin [Arabidopsis thaliana]
AP2alpha,AP2alpha_Athaliana_NP_851058.1_query.faa,Arabidopsis_thaliana.faa,blastp 2.9.0+,+,7,0,0,100,NP_197670.1,"NP_197670.1 Adaptor protein complex AP-2, alpha subunit [Arabidopsis thaliana]"
AP2alpha,AP2alpha_Athaliana_NP_851058.1_query.faa,Arabidopsis_thaliana.faa,blastp 2.9.0+,+,8,0,0,100,NP_001330127.1,"NP_001330127.1 Adaptor protein complex AP-2, alpha subunit [Arabidopsis thaliana]"
AP2alpha,AP2alpha_Athaliana_NP_851058.1_query.faa,Arabidopsis_thaliana.faa,blastp 2.9.0+,-,9,1.55E-83,217,87,NP_849701.1,NP_849701.1 gamma-adaptin 1 [Arabidopsis thaliana]
AP2alpha,AP2alpha_Athaliana_NP_851058.1_query.faa,Arabidopsis_thaliana.faa,blastp 2.9.0+,-,10,1.55E-83,217,87,NP_173802.1,NP_173802.1 gamma-adaptin 1 [Arabidopsis thaliana]
AP2alpha,AP2alpha_Athaliana_NP_851058.1_query.faa,Arabidopsis_thaliana.faa,blastp 2.9.0+,-,11,1.85E-83,217,85,NP_001322140.1,NP_001322140.1 gamma-adaptin 1 [Arabidopsis thaliana]
AP2alpha,AP2alpha_Athaliana_NP_851058.1_query.faa,Arabidopsis_thaliana.faa,blastp 2.9.0+,-,12,1.79E-80,220,85,NP_176215.2,"NP_176215.2 Adaptor protein complex AP-1, gamma subunit [Arabidopsis thaliana]"
AP2alpha,AP2alpha_Athaliana_NP_851058.1_query.faa,Arabidopsis_thaliana.faa,blastp 2.9.0+,-,13,8.09E-80,221,89,NP_001185270.1,"NP_001185270.1 Adaptor protein complex AP-1, gamma subunit [Arabidopsis thaliana]"
AP2alpha,AP2alpha_Athaliana_NP_851058.1_query.faa,Arabidopsis_thaliana.faa,blastp 2.9.0+,-,14,4.00E-52,249,93,NP_174454.2,NP_174454.2 Adaptin family protein [Arabidopsis thaliana]
AP2alpha,AP2alpha_Athaliana_NP_851058.1_query.faa,Arabidopsis_thaliana.faa,blastp 2.9.0+,-,15,2.16E-27,273,122,NP_001320526.1,NP_001320526.1 apoptosis inhibitory protein [Arabidopsis thaliana]
AP2alpha,AP2alpha_Athaliana_NP_851058.1_query.faa,Arabidopsis_thaliana.faa,blastp 2.9.0+,-,16,2.31E-27,273,122,NP_001320527.1,NP_001320527.1 apoptosis inhibitory protein [Arabidopsis thaliana]
AP2alpha,AP2alpha_Athaliana_NP_851058.1_query.faa,Arabidopsis_thaliana.faa,blastp 2.9.0+,-,17,3.29E-27,274,127,NP_001319071.1,NP_001319071.1 apoptosis inhibitory protein [Arabidopsis thaliana]
AP2alpha,AP2alpha_Athaliana_NP_851058.1_query.faa,Arabidopsis_thaliana.faa,blastp 2.9.0+,-,18,2.29E-20,280,86,NP_849785.1,NP_849785.1 delta-adaptin [Arabidopsis thaliana]
AP2alpha,AP2alpha_Athaliana_NP_851058.1_query.faa,Arabidopsis_thaliana.faa,blastp 2.9.0+,-,19,2.29E-20,280,86,NP_175308.1,NP_175308.1 delta-adaptin [Arabidopsis thaliana]
AP2alpha,AP2alpha_Athaliana_NP_851058.1_query.faa,Arabidopsis_thaliana.faa,blastp 2.9.0+,-,20,2.29E-20,280,86,NP_001031156.1,NP_001031156.1 delta-adaptin [Arabidopsis thaliana]
AP2alpha,AP2alpha_Athaliana_NP_851058.1_query.faa,Arabidopsis_thaliana.faa,blastp 2.9.0+,-,21,1.52E-08,292,88,NP_194077.1,NP_194077.1 Adaptin family protein [Arabidopsis thaliana]
AP2alpha,AP2alpha_Athaliana_NP_851058.1_query.faa,Arabidopsis_thaliana.faa,blastp 2.9.0+,-,22,9.55E-07,294,88,NP_192877.1,NP_192877.1 Adaptin family protein [Arabidopsis thaliana]
AP2alpha,AP2alpha_Athaliana_NP_851058.1_query.faa,Arabidopsis_thaliana.faa,blastp 2.9.0+,-,23,1.59E-06,294,91,NP_001190701.1,NP_001190701.1 Adaptin family protein [Arabidopsis thaliana]
AP2alpha,AP2alpha_Athaliana_NP_851058.1_query.faa,Arabidopsis_thaliana.faa,blastp 2.9.0+,-,24,0.000145705,296,79,NP_001328014.1,NP_001328014.1 Adaptin family protein [Arabidopsis thaliana]
AP2mu,AP2mu_Athaliana_NP_974895.1_query.faa,Arabidopsis_thaliana.faa,blastp 2.9.0+,+,1,0,0,100,NP_974895.1,NP_974895.1 Clathrin adaptor complexes medium subunit family protein [Arabidopsis thaliana]
AP2mu,AP2mu_Athaliana_NP_974895.1_query.faa,Arabidopsis_thaliana.faa,blastp 2.9.0+,+,2,0,0,99,NP_199475.1,NP_199475.1 Clathrin adaptor complexes medium subunit family protein [Arabidopsis thaliana]
AP2mu,AP2mu_Athaliana_NP_974895.1_query.faa,Arabidopsis_thaliana.faa,blastp 2.9.0+,-,3,2.45E-113,187,97,NP_176277.1,NP_176277.1 Clathrin adaptor complexes medium subunit family protein [Arabidopsis thaliana]
AP2mu,AP2mu_Athaliana_NP_974895.1_query.faa,Arabidopsis_thaliana.faa,blastp 2.9.0+,-,4,2.93E-112,188,97,NP_172543.1,NP_172543.1 Clathrin adaptor complexes medium subunit family protein [Arabidopsis thaliana]
AP2mu,AP2mu_Athaliana_NP_974895.1_query.faa,Arabidopsis_thaliana.faa,blastp 2.9.0+,-,5,1.33E-73,227,102,NP_194186.1,NP_194186.1 Clathrin adaptor complexes medium subunit family protein [Arabidopsis thaliana]
AP2mu,AP2mu_Athaliana_NP_974895.1_query.faa,Arabidopsis_thaliana.faa,blastp 2.9.0+,-,6,2.07E-65,235,87,NP_001190824.1,NP_001190824.1 Clathrin adaptor complexes medium subunit family protein [Arabidopsis thaliana]
AP2mu,AP2mu_Athaliana_NP_974895.1_query.faa,Arabidopsis_thaliana.faa,blastp 2.9.0+,-,7,2.00E-64,236,86,NP_849437.1,NP_849437.1 Clathrin adaptor complexes medium subunit family protein [Arabidopsis thaliana]
AP2mu,AP2mu_Athaliana_NP_974895.1_query.faa,Arabidopsis_thaliana.faa,blastp 2.9.0+,-,8,2.34E-38,262,94,NP_176052.3,NP_176052.3 Clathrin adaptor complexes medium subunit family protein [Arabidopsis thaliana]
AP2mu,AP2mu_Athaliana_NP_974895.1_query.faa,Arabidopsis_thaliana.faa,blastp 2.9.0+,-,9,0.00412771,298,108,NP_973495.1,NP_973495.1 clathrin adaptor complexes medium subunit family protein [Arabidopsis thaliana]
AP2mu,AP2mu_Athaliana_NP_974895.1_query.faa,Arabidopsis_thaliana.faa,blastp 2.9.0+,-,10,0.00466379,298,139,NP_850004.1,NP_850004.1 clathrin adaptor complexes medium subunit family protein [Arabidopsis thaliana]
AP2mu,AP2mu_Athaliana_NP_974895.1_query.faa,Arabidopsis_thaliana.faa,blastp 2.9.0+,-,11,0.00516304,298,97,NP_973496.1,NP_973496.1 clathrin adaptor complexes medium subunit family protein [Arabidopsis thaliana]
AP2mu,AP2mu_Athaliana_NP_974895.1_query.faa,Arabidopsis_thaliana.faa,blastp 2.9.0+,-,12,0.00560198,298,128,NP_001323953.1,NP_001323953.1 clathrin adaptor complexes medium subunit family protein [Arabidopsis thaliana]
AP2sigma,AP2sigma_Athaliana_NP_175219.1_query.faa,Arabidopsis_thaliana.faa,blastp 2.9.0+,+,1,3.78E-101,0,100,NP_175219.1,NP_175219.1 SNARE-like superfamily protein [Arabidopsis thaliana]
AP2sigma,AP2sigma_Athaliana_NP_175219.1_query.faa,Arabidopsis_thaliana.faa,blastp 2.9.0+,-,2,3.48E-53,48,114,NP_195267.1,NP_195267.1 Clathrin adaptor complex small chain family protein [Arabidopsis thaliana]
AP2sigma,AP2sigma_Athaliana_NP_175219.1_query.faa,Arabidopsis_thaliana.faa,blastp 2.9.0+,-,3,4.48E-53,48,113,NP_565415.1,NP_565415.1 associated protein 19 [Arabidopsis thaliana]
AP2sigma,AP2sigma_Athaliana_NP_175219.1_query.faa,Arabidopsis_thaliana.faa,blastp 2.9.0+,-,4,3.31E-39,62,101,NP_179569.1,NP_179569.1 SNARE-like superfamily protein [Arabidopsis thaliana]
AP2sigma,AP2sigma_Athaliana_NP_175219.1_query.faa,Arabidopsis_thaliana.faa,blastp 2.9.0+,-,5,1.87E-32,69,75,NP_001320142.1,NP_001320142.1 Clathrin adaptor complex small chain family protein [Arabidopsis thaliana]
AP2sigma,AP2sigma_Athaliana_NP_175219.1_query.faa,Arabidopsis_thaliana.faa,blastp 2.9.0+,-,6,4.73E-32,69,117,NP_190655.2,NP_190655.2 Clathrin adaptor complex small chain family protein [Arabidopsis thaliana]
AP2sigma,AP2sigma_Athaliana_NP_175219.1_query.faa,Arabidopsis_thaliana.faa,blastp 2.9.0+,-,7,2.27E-31,70,102,NP_001327312.1,NP_001327312.1 Clathrin adaptor complex small chain family protein [Arabidopsis thaliana]
AP2sigma,AP2sigma_Athaliana_NP_175219.1_query.faa,Arabidopsis_thaliana.faa,blastp 2.9.0+,-,8,0.0153835,99,126,NP_566358.3,NP_566358.3 SNARE-like superfamily protein [Arabidopsis thaliana]
AP2sigma,AP2sigma_Athaliana_NP_175219.1_query.faa,Arabidopsis_thaliana.faa,blastp 2.9.0+,-,9,0.0153835,99,126,NP_001327155.1,NP_001327155.1 SNARE-like superfamily protein [Arabidopsis thaliana]
AP2sigma,AP2sigma_Athaliana_NP_175219.1_query.faa,Arabidopsis_thaliana.faa,blastp 2.9.0+,-,10,0.0153835,99,126,NP_001327154.1,NP_001327154.1 SNARE-like superfamily protein [Arabidopsis thaliana]
AP2sigma,AP2sigma_Athaliana_NP_175219.1_query.faa,Arabidopsis_thaliana.faa,blastp 2.9.0+,-,11,0.0195121,99,182,NP_001327157.1,NP_001327157.1 SNARE-like superfamily protein [Arabidopsis thaliana]
AP2sigma,AP2sigma_Athaliana_NP_175219.1_query.faa,Arabidopsis_thaliana.faa,blastp 2.9.0+,-,12,0.0358853,99,127,NP_567337.1,NP_567337.1 SNARE-like superfamily protein [Arabidopsis thaliana]
Sec12,Sec12_Athaliana_NP_566961.1_query.faa,Arabidopsis_thaliana.faa,blastp 2.9.0+,+,1,0,0,100,NP_566961.1,NP_566961.1 phosphate transporter traffic facilitator1 [Arabidopsis thaliana]
Sec12,Sec12_Athaliana_NP_566961.1_query.faa,Arabidopsis_thaliana.faa,blastp 2.9.0+,+,2,8.06E-32,269,96,NP_680414.1,NP_680414.1 Transducin/WD40 repeat-like superfamily protein [Arabidopsis thaliana]
Sec12,Sec12_Athaliana_NP_566961.1_query.faa,Arabidopsis_thaliana.faa,blastp 2.9.0+,+,3,8.06E-32,269,96,NP_568738.1,NP_568738.1 Transducin/WD40 repeat-like superfamily protein [Arabidopsis thaliana]
Sec12,Sec12_Athaliana_NP_566961.1_query.faa,Arabidopsis_thaliana.faa,blastp 2.9.0+,+,4,2.56E-30,270,99,NP_178256.1,NP_178256.1 SEC12P-like 2 protein [Arabidopsis thaliana]
Sec12,Sec12_Athaliana_NP_566961.1_query.faa,Arabidopsis_thaliana.faa,blastp 2.9.0+,-,5,4.91E-06,295,69,NP_178635.1,NP_178635.1 Transducin/WD40 repeat-like superfamily protein [Arabidopsis thaliana]
Sec12,Sec12_Athaliana_NP_566961.1_query.faa,Arabidopsis_thaliana.faa,blastp 2.9.0+,-,6,1.60E-05,295,79,NP_200424.1,NP_200424.1 Transducin/WD40 repeat-like superfamily protein [Arabidopsis thaliana]
Sec12,Sec12_Athaliana_NP_566961.1_query.faa,Arabidopsis_thaliana.faa,blastp 2.9.0+,-,7,3.11E-05,295,84,NP_192182.1,NP_192182.1 Transducin/WD40 repeat-like superfamily protein [Arabidopsis thaliana]
Sec12,Sec12_Athaliana_NP_566961.1_query.faa,Arabidopsis_thaliana.faa,blastp 2.9.0+,-,8,0.000103334,296,128,NP_177513.2,NP_177513.2 transducin family protein / WD-40 repeat family protein [Arabidopsis thaliana]
Sec12,Sec12_Athaliana_NP_566961.1_query.faa,Arabidopsis_thaliana.faa,blastp 2.9.0+,-,9,0.000148048,296,131,NP_563708.1,NP_563708.1 MOS4-associated complex 3A [Arabidopsis thaliana]
Sec12,Sec12_Athaliana_NP_566961.1_query.faa,Arabidopsis_thaliana.faa,blastp 2.9.0+,-,10,0.000235217,296,131,NP_001030958.1,NP_001030958.1 MOS4-associated complex 3A [Arabidopsis thaliana]
Sec12,Sec12_Athaliana_NP_566961.1_query.faa,Arabidopsis_thaliana.faa,blastp 2.9.0+,-,11,0.00026933,296,79,NP_179795.2,NP_179795.2 Transducin/WD40 repeat-like superfamily protein [Arabidopsis thaliana]
Sec12,Sec12_Athaliana_NP_566961.1_query.faa,Arabidopsis_thaliana.faa,blastp 2.9.0+,-,12,0.000319677,297,80,NP_190535.1,NP_190535.1 Transducin/WD40 repeat-like superfamily protein [Arabidopsis thaliana]
Sec12,Sec12_Athaliana_NP_566961.1_query.faa,Arabidopsis_thaliana.faa,blastp 2.9.0+,-,13,0.000325687,297,107,NP_563675.1,NP_563675.1 Transducin/WD40 repeat-like superfamily protein [Arabidopsis thaliana]
Sec12,Sec12_Athaliana_NP_566961.1_query.faa,Arabidopsis_thaliana.faa,blastp 2.9.0+,-,14,0.000576411,297,102,NP_177329.2,NP_177329.2 transducin family protein / WD-40 repeat family protein [Arabidopsis thaliana]
Sec12,Sec12_Athaliana_NP_566961.1_query.faa,Arabidopsis_thaliana.faa,blastp 2.9.0+,-,15,0.000735623,297,82,NP_173248.1,NP_173248.1 Transducin/WD40 repeat-like superfamily protein [Arabidopsis thaliana]
Sec12,Sec12_Athaliana_NP_566961.1_query.faa,Arabidopsis_thaliana.faa,blastp 2.9.0+,-,16,0.000828779,297,239,NP_189852.2,NP_189852.2 transducin family protein / WD-40 repeat family protein [Arabidopsis thaliana]
Sec12,Sec12_Athaliana_NP_566961.1_query.faa,Arabidopsis_thaliana.faa,blastp 2.9.0+,-,17,0.000953801,297,139,NP_181681.1,NP_181681.1 WD-40 repeat family protein / small nuclear ribonucleoprotein Prp4p-like protein [Arabidopsis thaliana]
Sec12,Sec12_Athaliana_NP_566961.1_query.faa,Arabidopsis_thaliana.faa,blastp 2.9.0+,-,18,0.000953801,297,139,NP_001324961.1,NP_001324961.1 WD-40 repeat family protein / small nuclear ribonucleoprotein Prp4p-like protein [Arabidopsis thaliana]
Sec12,Sec12_Athaliana_NP_566961.1_query.faa,Arabidopsis_thaliana.faa,blastp 2.9.0+,-,19,0.00140207,297,77,NP_188442.1,NP_188442.1 Transducin/WD40 repeat-like superfamily protein [Arabidopsis thaliana]
Sec12,Sec12_Athaliana_NP_566961.1_query.faa,Arabidopsis_thaliana.faa,blastp 2.9.0+,-,20,0.00163152,297,203,NP_001189659.1,NP_001189659.1 LEUNIG-like protein [Arabidopsis thaliana]
Sec12,Sec12_Athaliana_NP_566961.1_query.faa,Arabidopsis_thaliana.faa,blastp 2.9.0+,-,21,0.00175483,297,198,NP_850195.2,NP_850195.2 LEUNIG-like protein [Arabidopsis thaliana]
Sec12,Sec12_Athaliana_NP_566961.1_query.faa,Arabidopsis_thaliana.faa,blastp 2.9.0+,-,22,0.00175483,297,198,NP_850194.1,NP_850194.1 LEUNIG-like protein [Arabidopsis thaliana]
Sec12,Sec12_Athaliana_NP_566961.1_query.faa,Arabidopsis_thaliana.faa,blastp 2.9.0+,-,23,0.00175483,297,198,NP_850193.1,NP_850193.1 LEUNIG-like protein [Arabidopsis thaliana]
Sec12,Sec12_Athaliana_NP_566961.1_query.faa,Arabidopsis_thaliana.faa,blastp 2.9.0+,-,24,0.00175483,297,198,NP_850192.1,NP_850192.1 LEUNIG-like protein [Arabidopsis thaliana]
Sec12,Sec12_Athaliana_NP_566961.1_query.faa,Arabidopsis_thaliana.faa,blastp 2.9.0+,-,25,0.00175483,297,198,NP_565749.1,NP_565749.1 LEUNIG-like protein [Arabidopsis thaliana]
Sec12,Sec12_Athaliana_NP_566961.1_query.faa,Arabidopsis_thaliana.faa,blastp 2.9.0+,-,26,0.00183152,297,197,NP_001031466.2,NP_001031466.2 LEUNIG-like protein [Arabidopsis thaliana]
Sec12,Sec12_Athaliana_NP_566961.1_query.faa,Arabidopsis_thaliana.faa,blastp 2.9.0+,-,27,0.00190694,297,115,NP_001324461.1,NP_001324461.1 Transducin/WD40 repeat-like superfamily protein [Arabidopsis thaliana]
Sec12,Sec12_Athaliana_NP_566961.1_query.faa,Arabidopsis_thaliana.faa,blastp 2.9.0+,-,28,0.00230715,297,102,NP_001324460.1,NP_001324460.1 Transducin/WD40 repeat-like superfamily protein [Arabidopsis thaliana]
Sec12,Sec12_Athaliana_NP_566961.1_query.faa,Arabidopsis_thaliana.faa,blastp 2.9.0+,-,29,0.00240638,297,144,NP_001031501.2,NP_001031501.2 Transducin/WD40 repeat-like superfamily protein [Arabidopsis thaliana]
Sec12,Sec12_Athaliana_NP_566961.1_query.faa,Arabidopsis_thaliana.faa,blastp 2.9.0+,-,30,0.00321221,298,56,NP_001030720.1,NP_001030720.1 Transducin/WD40 repeat-like superfamily protein [Arabidopsis thaliana]
Sec12,Sec12_Athaliana_NP_566961.1_query.faa,Arabidopsis_thaliana.faa,blastp 2.9.0+,-,31,0.00332234,298,137,NP_181253.2,NP_181253.2 Transducin/WD40 repeat-like superfamily protein [Arabidopsis thaliana]
Sec12,Sec12_Athaliana_NP_566961.1_query.faa,Arabidopsis_thaliana.faa,blastp 2.9.0+,-,32,0.00370018,298,108,NP_200902.1,NP_200902.1 Transducin/WD40 repeat-like superfamily protein [Arabidopsis thaliana]
Sec12,Sec12_Athaliana_NP_566961.1_query.faa,Arabidopsis_thaliana.faa,blastp 2.9.0+,-,33,0.00435059,298,82,NP_175296.1,NP_175296.1 receptor for activated C kinase 1B [Arabidopsis thaliana]
Sec12,Sec12_Athaliana_NP_566961.1_query.faa,Arabidopsis_thaliana.faa,blastp 2.9.0+,-,34,0.00437061,298,85,NP_974972.1,NP_974972.1 Transducin/WD40 repeat-like superfamily protein [Arabidopsis thaliana]
Sec12,Sec12_Athaliana_NP_566961.1_query.faa,Arabidopsis_thaliana.faa,blastp 2.9.0+,-,35,0.00562226,298,82,NP_188441.1,NP_188441.1 receptor for activated C kinase 1C [Arabidopsis thaliana]
Sec12,Sec12_Athaliana_NP_566961.1_query.faa,Arabidopsis_thaliana.faa,blastp 2.9.0+,-,36,0.00637774,298,140,NP_190907.2,NP_190907.2 Transducin/WD40 repeat-like superfamily protein [Arabidopsis thaliana]
Sec12,Sec12_Athaliana_NP_566961.1_query.faa,Arabidopsis_thaliana.faa,blastp 2.9.0+,-,37,0.00760946,298,121,NP_671857.2,NP_671857.2 Transducin/WD40 repeat-like superfamily protein [Arabidopsis thaliana]
Sec12,Sec12_Athaliana_NP_566961.1_query.faa,Arabidopsis_thaliana.faa,blastp 2.9.0+,-,38,0.00914704,298,119,NP_198904.1,NP_198904.1 WD-40 repeat family protein / zfwd3 protein (ZFWD3) [Arabidopsis thaliana]
Sec12,Sec12_Athaliana_NP_566961.1_query.faa,Arabidopsis_thaliana.faa,blastp 2.9.0+,-,39,0.0109055,298,111,NP_001330275.1,NP_001330275.1 WD-40 repeat family protein / zfwd3 protein (ZFWD3) [Arabidopsis thaliana]
Sec12,Sec12_Athaliana_NP_566961.1_query.faa,Arabidopsis_thaliana.faa,blastp 2.9.0+,-,40,0.0110967,298,122,NP_001031471.1,NP_001031471.1 MOS4-associated complex 3B [Arabidopsis thaliana]
Sec12,Sec12_Athaliana_NP_566961.1_query.faa,Arabidopsis_thaliana.faa,blastp 2.9.0+,-,41,0.0133359,298,132,NP_850207.4,NP_850207.4 MOS4-associated complex 3B [Arabidopsis thaliana]
Sec12,Sec12_Athaliana_NP_566961.1_query.faa,Arabidopsis_thaliana.faa,blastp 2.9.0+,-,42,0.0133359,298,132,NP_850206.4,NP_850206.4 MOS4-associated complex 3B [Arabidopsis thaliana]
Sec12,Sec12_Athaliana_NP_566961.1_query.faa,Arabidopsis_thaliana.faa,blastp 2.9.0+,-,43,0.0158562,298,220,NP_568338.2,NP_568338.2 Transducin family protein / WD-40 repeat family protein [Arabidopsis thaliana]
Sec12,Sec12_Athaliana_NP_566961.1_query.faa,Arabidopsis_thaliana.faa,blastp 2.9.0+,-,44,0.019441,298,271,NP_001322807.1,NP_001322807.1 Transducin/WD40 repeat-like superfamily protein [Arabidopsis thaliana]
Sec12,Sec12_Athaliana_NP_566961.1_query.faa,Arabidopsis_thaliana.faa,blastp 2.9.0+,-,45,0.0209307,298,108,NP_194274.2,NP_194274.2 zinc finger WD40 repeat protein 1 [Arabidopsis thaliana]
Sec12,Sec12_Athaliana_NP_566961.1_query.faa,Arabidopsis_thaliana.faa,blastp 2.9.0+,-,46,0.0209307,298,108,NP_001328957.1,NP_001328957.1 zinc finger WD40 repeat protein 1 [Arabidopsis thaliana]
Sec12,Sec12_Athaliana_NP_566961.1_query.faa,Arabidopsis_thaliana.faa,blastp 2.9.0+,-,47,0.0209307,298,108,NP_001328956.1,NP_001328956.1 zinc finger WD40 repeat protein 1 [Arabidopsis thaliana]
Sec12,Sec12_Athaliana_NP_566961.1_query.faa,Arabidopsis_thaliana.faa,blastp 2.9.0+,-,48,0.021073,298,297,NP_176316.4,NP_176316.4 Transducin/WD40 repeat-like superfamily protein [Arabidopsis thaliana]
Sec12,Sec12_Athaliana_NP_566961.1_query.faa,Arabidopsis_thaliana.faa,blastp 2.9.0+,-,49,0.0218078,298,296,NP_001185277.1,NP_001185277.1 Transducin/WD40 repeat-like superfamily protein [Arabidopsis thaliana]
Sec12,Sec12_Athaliana_NP_566961.1_query.faa,Arabidopsis_thaliana.faa,blastp 2.9.0+,-,50,0.0222485,298,282,NP_196176.1,NP_196176.1 transducin family protein / WD-40 repeat family protein [Arabidopsis thaliana]
SNAP33,SNAP33_Athaliana_NP_200929.1_query.faa,Arabidopsis_thaliana.faa,blastp 2.9.0+,+,1,0,0,100,NP_200929.1,NP_200929.1 soluble N-ethylmaleimide-sensitive factor adaptor protein 33 [Arabidopsis thaliana]
SNAP33,SNAP33_Athaliana_NP_200929.1_query.faa,Arabidopsis_thaliana.faa,blastp 2.9.0+,+,2,0,0,100,NP_001332102.1,NP_001332102.1 soluble N-ethylmaleimide-sensitive factor adaptor protein 33 [Arabidopsis thaliana]
SNAP33,SNAP33_Athaliana_NP_200929.1_query.faa,Arabidopsis_thaliana.faa,blastp 2.9.0+,+,3,5.55E-102,199,88,NP_172842.1,NP_172842.1 soluble N-ethylmaleimide-sensitive factor adaptor protein 30 [Arabidopsis thaliana]
SNAP33,SNAP33_Athaliana_NP_200929.1_query.faa,Arabidopsis_thaliana.faa,blastp 2.9.0+,+,4,5.55E-102,199,88,NP_001318998.1,NP_001318998.1 soluble N-ethylmaleimide-sensitive factor adaptor protein 30 [Arabidopsis thaliana]
SNAP33,SNAP33_Athaliana_NP_200929.1_query.faa,Arabidopsis_thaliana.faa,blastp 2.9.0+,+,5,2.24E-100,200,84,NP_196405.1,NP_196405.1 synaptosomal-associated protein SNAP25-like 29 [Arabidopsis thaliana]
SNAP33,SNAP33_Athaliana_NP_200929.1_query.faa,Arabidopsis_thaliana.faa,blastp 2.9.0+,+,6,2.24E-100,200,84,NP_001318503.1,NP_001318503.1 synaptosomal-associated protein SNAP25-like 29 [Arabidopsis thaliana]
SNAP33,SNAP33_Athaliana_NP_200929.1_query.faa,Arabidopsis_thaliana.faa,blastp 2.9.0+,-,7,0.00010621,296,89,NP_566354.1,NP_566354.1 syntaxin of plants 71 [Arabidopsis thaliana]
SNAP33,SNAP33_Athaliana_NP_200929.1_query.faa,Arabidopsis_thaliana.faa,blastp 2.9.0+,-,8,0.000113883,296,65,NP_001326528.1,NP_001326528.1 syntaxin of plants 73 [Arabidopsis thaliana]
SNAP33,SNAP33_Athaliana_NP_200929.1_query.faa,Arabidopsis_thaliana.faa,blastp 2.9.0+,-,9,0.000193028,296,87,NP_001326529.1,NP_001326529.1 syntaxin of plants 73 [Arabidopsis thaliana]
SNAP33,SNAP33_Athaliana_NP_200929.1_query.faa,Arabidopsis_thaliana.faa,blastp 2.9.0+,-,10,0.000197222,296,88,NP_001190153.1,NP_001190153.1 syntaxin of plants 73 [Arabidopsis thaliana]
SNAP33,SNAP33_Athaliana_NP_200929.1_query.faa,Arabidopsis_thaliana.faa,blastp 2.9.0+,-,11,0.00021416,296,79,NP_001326526.1,NP_001326526.1 syntaxin of plants 73 [Arabidopsis thaliana]
SNAP33,SNAP33_Athaliana_NP_200929.1_query.faa,Arabidopsis_thaliana.faa,blastp 2.9.0+,-,12,0.000608574,297,80,NP_001326893.1,NP_001326893.1 syntaxin of plants 72 [Arabidopsis thaliana]
SNAP33,SNAP33_Athaliana_NP_200929.1_query.faa,Arabidopsis_thaliana.faa,blastp 2.9.0+,-,13,0.000672684,297,89,NP_566878.1,NP_566878.1 syntaxin of plants 72 [Arabidopsis thaliana]
SNAP33,SNAP33_Athaliana_NP_200929.1_query.faa,Arabidopsis_thaliana.faa,blastp 2.9.0+,-,14,0.000672684,297,89,NP_001319688.1,NP_001319688.1 syntaxin of plants 72 [Arabidopsis thaliana]
SNAP33,SNAP33_Athaliana_NP_200929.1_query.faa,Arabidopsis_thaliana.faa,blastp 2.9.0+,-,15,0.00224657,297,72,NP_001326527.1,NP_001326527.1 syntaxin of plants 73 [Arabidopsis thaliana]
Rab2,Rab2_Athaliana_NP_193449.1_query.faa,Arabidopsis_thaliana.faa,blastp 2.9.0+,+,1,9.39E-156,0,100,NP_193449.1,NP_193449.1 RAB GTPase homolog B1A [Arabidopsis thaliana]
Rab2,Rab2_Athaliana_NP_193449.1_query.faa,Arabidopsis_thaliana.faa,blastp 2.9.0+,+,2,6.88E-125,31,103,NP_193450.1,NP_193450.1 RAB GTPase homolog B1C [Arabidopsis thaliana]
Rab2,Rab2_Athaliana_NP_193449.1_query.faa,Arabidopsis_thaliana.faa,blastp 2.9.0+,+,3,2.97E-114,42,103,NP_195311.1,NP_195311.1 GTP-binding 2 [Arabidopsis thaliana]
Rab2,Rab2_Athaliana_NP_193449.1_query.faa,Arabidopsis_thaliana.faa,blastp 2.9.0+,+,4,1.93E-81,74,80,NP_001078499.1,NP_001078499.1 GTP-binding 2 [Arabidopsis thaliana]
Rab2,Rab2_Athaliana_NP_193449.1_query.faa,Arabidopsis_thaliana.faa,blastp 2.9.0+,-,5,3.68E-64,92,108,NP_187823.1,NP_187823.1 RAB GTPase homolog A4D [Arabidopsis thaliana]
Rab2,Rab2_Athaliana_NP_193449.1_query.faa,Arabidopsis_thaliana.faa,blastp 2.9.0+,-,6,9.63E-64,92,99,NP_193486.1,NP_193486.1 RAB GTPase homolog 1C [Arabidopsis thaliana]
Rab2,Rab2_Athaliana_NP_193449.1_query.faa,Arabidopsis_thaliana.faa,blastp 2.9.0+,-,7,3.21E-63,93,106,NP_200894.1,NP_200894.1 RAB GTPase homolog A1F [Arabidopsis thaliana]
Rab2,Rab2_Athaliana_NP_193449.1_query.faa,Arabidopsis_thaliana.faa,blastp 2.9.0+,-,8,1.76E-62,93,105,NP_172128.1,NP_172128.1 Ras-related small GTP-binding family protein [Arabidopsis thaliana]
Rab2,Rab2_Athaliana_NP_193449.1_query.faa,Arabidopsis_thaliana.faa,blastp 2.9.0+,-,9,3.13E-62,94,105,NP_200792.1,NP_200792.1 Ras-related small GTP-binding family protein [Arabidopsis thaliana]
Rab2,Rab2_Athaliana_NP_193449.1_query.faa,Arabidopsis_thaliana.faa,blastp 2.9.0+,-,10,3.27E-62,94,105,NP_190192.1,NP_190192.1 RAB GTPase homolog 8A [Arabidopsis thaliana]
Rab2,Rab2_Athaliana_NP_193449.1_query.faa,Arabidopsis_thaliana.faa,blastp 2.9.0+,-,11,3.27E-62,94,105,NP_001118780.1,NP_001118780.1 RAB GTPase homolog 8A [Arabidopsis thaliana]
Rab2,Rab2_Athaliana_NP_193449.1_query.faa,Arabidopsis_thaliana.faa,blastp 2.9.0+,-,12,3.27E-62,94,105,NP_001078248.1,NP_001078248.1 RAB GTPase homolog 8A [Arabidopsis thaliana]
Rab2,Rab2_Athaliana_NP_193449.1_query.faa,Arabidopsis_thaliana.faa,blastp 2.9.0+,-,13,6.01E-62,94,99,NP_568678.1,NP_568678.1 RAB GTPase homolog 1A [Arabidopsis thaliana]
Rab2,Rab2_Athaliana_NP_193449.1_query.faa,Arabidopsis_thaliana.faa,blastp 2.9.0+,-,14,8.44E-62,94,105,NP_850696.1,NP_850696.1 RAB GTPase homolog 8 [Arabidopsis thaliana]
Rab2,Rab2_Athaliana_NP_193449.1_query.faa,Arabidopsis_thaliana.faa,blastp 2.9.0+,-,15,8.44E-62,94,105,NP_190929.1,NP_190929.1 RAB GTPase homolog 8 [Arabidopsis thaliana]
Rab2,Rab2_Athaliana_NP_193449.1_query.faa,Arabidopsis_thaliana.faa,blastp 2.9.0+,-,16,8.44E-62,94,105,NP_001078278.1,NP_001078278.1 RAB GTPase homolog 8 [Arabidopsis thaliana]
Rab2,Rab2_Athaliana_NP_193449.1_query.faa,Arabidopsis_thaliana.faa,blastp 2.9.0+,-,17,1.22E-61,94,105,NP_173136.1,NP_173136.1 RAB GTPase homolog A1B [Arabidopsis thaliana]
Rab2,Rab2_Athaliana_NP_193449.1_query.faa,Arabidopsis_thaliana.faa,blastp 2.9.0+,-,18,1.42E-61,94,99,NP_171715.1,NP_171715.1 RAS 5 [Arabidopsis thaliana]
Rab2,Rab2_Athaliana_NP_193449.1_query.faa,Arabidopsis_thaliana.faa,blastp 2.9.0+,-,19,1.66E-61,94,109,NP_195709.1,NP_195709.1 RAB GTPase homolog A4B [Arabidopsis thaliana]
Rab2,Rab2_Athaliana_NP_193449.1_query.faa,Arabidopsis_thaliana.faa,blastp 2.9.0+,-,20,3.84E-61,95,109,NP_199607.1,NP_199607.1 RAB GTPase homolog A4C [Arabidopsis thaliana]
Rab2,Rab2_Athaliana_NP_193449.1_query.faa,Arabidopsis_thaliana.faa,blastp 2.9.0+,-,21,4.46E-61,95,106,NP_180943.4,NP_180943.4 RAB GTPase homolog A1H [Arabidopsis thaliana]
Rab2,Rab2_Athaliana_NP_193449.1_query.faa,Arabidopsis_thaliana.faa,blastp 2.9.0+,-,22,7.22E-61,95,105,NP_199387.1,NP_199387.1 RAB GTPase homolog A1C [Arabidopsis thaliana]
Rab2,Rab2_Athaliana_NP_193449.1_query.faa,Arabidopsis_thaliana.faa,blastp 2.9.0+,-,23,7.45E-61,95,106,NP_193578.1,NP_193578.1 RAB GTPase homolog A1E [Arabidopsis thaliana]
Rab2,Rab2_Athaliana_NP_193449.1_query.faa,Arabidopsis_thaliana.faa,blastp 2.9.0+,-,24,2.71E-60,95,100,NP_187779.1,NP_187779.1 Ras-related small GTP-binding family protein [Arabidopsis thaliana]
Rab2,Rab2_Athaliana_NP_193449.1_query.faa,Arabidopsis_thaliana.faa,blastp 2.9.0+,-,25,2.78E-60,95,106,NP_187601.1,NP_187601.1 RAB GTPase homolog E1E [Arabidopsis thaliana]
Rab2,Rab2_Athaliana_NP_193449.1_query.faa,Arabidopsis_thaliana.faa,blastp 2.9.0+,-,26,2.84E-60,95,106,NP_174177.1,NP_174177.1 RAB GTPase homolog A1I [Arabidopsis thaliana]
Rab2,Rab2_Athaliana_NP_193449.1_query.faa,Arabidopsis_thaliana.faa,blastp 2.9.0+,-,27,3.79E-60,96,110,NP_201330.1,NP_201330.1 RAB GTPase homolog A4A [Arabidopsis thaliana]
Rab2,Rab2_Athaliana_NP_193449.1_query.faa,Arabidopsis_thaliana.faa,blastp 2.9.0+,-,28,5.01E-60,96,106,NP_188124.1,NP_188124.1 RAB GTPase homolog A1G [Arabidopsis thaliana]
Rab2,Rab2_Athaliana_NP_193449.1_query.faa,Arabidopsis_thaliana.faa,blastp 2.9.0+,-,29,9.23E-60,96,105,NP_195972.1,NP_195972.1 RAB GTPase homolog 8C [Arabidopsis thaliana]
Rab2,Rab2_Athaliana_NP_193449.1_query.faa,Arabidopsis_thaliana.faa,blastp 2.9.0+,-,30,1.60E-59,96,104,NP_172221.1,NP_172221.1 RAB GTPase homolog A2B [Arabidopsis thaliana]
Rab2,Rab2_Athaliana_NP_193449.1_query.faa,Arabidopsis_thaliana.faa,blastp 2.9.0+,-,31,2.20E-58,97,104,NP_193615.1,NP_193615.1 RAB GTPase homolog A1D [Arabidopsis thaliana]
Rab2,Rab2_Athaliana_NP_193449.1_query.faa,Arabidopsis_thaliana.faa,blastp 2.9.0+,-,32,4.26E-57,99,106,NP_001318930.1,NP_001318930.1 Rab GTPase-like A5A protein [Arabidopsis thaliana]
Rab2,Rab2_Athaliana_NP_193449.1_query.faa,Arabidopsis_thaliana.faa,blastp 2.9.0+,-,33,1.44E-56,99,129,NP_563750.3,NP_563750.3 Rab GTPase-like A5A protein [Arabidopsis thaliana]
Rab2,Rab2_Athaliana_NP_193449.1_query.faa,Arabidopsis_thaliana.faa,blastp 2.9.0+,-,34,3.80E-56,100,106,NP_200723.1,NP_200723.1 RAB GTPase homolog A2D [Arabidopsis thaliana]
Rab2,Rab2_Athaliana_NP_193449.1_query.faa,Arabidopsis_thaliana.faa,blastp 2.9.0+,-,35,6.41E-56,100,106,NP_172434.1,NP_172434.1 RAB GTPase 11C [Arabidopsis thaliana]
Rab2,Rab2_Athaliana_NP_193449.1_query.faa,Arabidopsis_thaliana.faa,blastp 2.9.0+,-,36,8.32E-56,100,106,NP_190267.1,NP_190267.1 RAB GTPase homolog A2C [Arabidopsis thaliana]
Rab2,Rab2_Athaliana_NP_193449.1_query.faa,Arabidopsis_thaliana.faa,blastp 2.9.0+,-,37,8.32E-56,100,106,NP_001327707.1,NP_001327707.1 RAB GTPase homolog A2C [Arabidopsis thaliana]
Rab2,Rab2_Athaliana_NP_193449.1_query.faa,Arabidopsis_thaliana.faa,blastp 2.9.0+,-,38,1.64E-55,100,104,NP_181842.1,NP_181842.1 P-loop containing nucleoside triphosphate hydrolases superfamily protein [Arabidopsis thaliana]
Rab2,Rab2_Athaliana_NP_193449.1_query.faa,Arabidopsis_thaliana.faa,blastp 2.9.0+,-,39,3.90E-55,101,108,NP_199563.1,NP_199563.1 RAB GTPase homolog A5A [Arabidopsis thaliana]
Rab2,Rab2_Athaliana_NP_193449.1_query.faa,Arabidopsis_thaliana.faa,blastp 2.9.0+,-,40,7.09E-55,101,106,NP_187397.1,NP_187397.1 RAB GTPase homolog A5B [Arabidopsis thaliana]
Rab2,Rab2_Athaliana_NP_193449.1_query.faa,Arabidopsis_thaliana.faa,blastp 2.9.0+,-,41,7.13E-55,101,107,NP_180726.1,NP_180726.1 RAB GTPase homolog A5D [Arabidopsis thaliana]
Rab2,Rab2_Athaliana_NP_193449.1_query.faa,Arabidopsis_thaliana.faa,blastp 2.9.0+,-,42,3.27E-52,104,116,NP_171628.2,NP_171628.2 RAB GTPase homolog A3 [Arabidopsis thaliana]
Rab2,Rab2_Athaliana_NP_193449.1_query.faa,Arabidopsis_thaliana.faa,blastp 2.9.0+,-,43,8.40E-52,104,103,NP_175056.1,NP_175056.1 RAB GTPASE HOMOLOG B18 [Arabidopsis thaliana]
Rab2,Rab2_Athaliana_NP_193449.1_query.faa,Arabidopsis_thaliana.faa,blastp 2.9.0+,-,44,8.40E-52,104,103,NP_001117435.1,NP_001117435.1 RAB GTPASE HOMOLOG B18 [Arabidopsis thaliana]
Rab2,Rab2_Athaliana_NP_193449.1_query.faa,Arabidopsis_thaliana.faa,blastp 2.9.0+,-,45,8.40E-52,104,103,NP_001077675.1,NP_001077675.1 RAB GTPASE HOMOLOG B18 [Arabidopsis thaliana]
Rab2,Rab2_Athaliana_NP_193449.1_query.faa,Arabidopsis_thaliana.faa,blastp 2.9.0+,-,46,5.11E-51,105,112,NP_173258.2,NP_173258.2 Rab GTPase-like A1I protein [Arabidopsis thaliana]
Rab2,Rab2_Athaliana_NP_193449.1_query.faa,Arabidopsis_thaliana.faa,blastp 2.9.0+,-,47,2.98E-50,106,114,NP_177505.1,NP_177505.1 RAB GTPase homolog A6A [Arabidopsis thaliana]
Rab2,Rab2_Athaliana_NP_193449.1_query.faa,Arabidopsis_thaliana.faa,blastp 2.9.0+,-,48,6.28E-48,108,102,NP_568121.1,NP_568121.1 RAB GTPase homolog C2A [Arabidopsis thaliana]
Rab2,Rab2_Athaliana_NP_193449.1_query.faa,Arabidopsis_thaliana.faa,blastp 2.9.0+,-,49,6.28E-48,108,102,NP_001332165.1,NP_001332165.1 RAB GTPase homolog C2A [Arabidopsis thaliana]
Rab2,Rab2_Athaliana_NP_193449.1_query.faa,Arabidopsis_thaliana.faa,blastp 2.9.0+,-,50,1.48E-47,108,98,NP_199326.1,NP_199326.1 Ras small GTP-binding family protein [Arabidopsis thaliana]
AP1beta,AP1beta_hmm1.afaa,Arabidopsis_thaliana.faa,hmmsearch 3.3,+,1,0,0,100,NP_194077.1,NP_194077.1 Adaptin family protein [Arabidopsis thaliana]
AP1beta,AP1beta_hmm1.afaa,Arabidopsis_thaliana.faa,hmmsearch 3.3,+,2,0,0,100,NP_192877.1,NP_192877.1 Adaptin family protein [Arabidopsis thaliana]
AP1beta,AP1beta_hmm1.afaa,Arabidopsis_thaliana.faa,hmmsearch 3.3,+,3,0,0,103,NP_001190701.1,NP_001190701.1 Adaptin family protein [Arabidopsis thaliana]
AP1beta,AP1beta_hmm1.afaa,Arabidopsis_thaliana.faa,hmmsearch 3.3,+,4,0,0,89,NP_001328014.1,NP_001328014.1 Adaptin family protein [Arabidopsis thaliana]
AP1beta,AP1beta_hmm1.afaa,Arabidopsis_thaliana.faa,hmmsearch 3.3,-,5,4.90E-116,185,94,NP_196710.1,NP_196710.1 adaptin family protein [Arabidopsis thaliana]
AP1beta,AP1beta_hmm1.afaa,Arabidopsis_thaliana.faa,hmmsearch 3.3,-,6,4.90E-116,185,95,NP_001190290.1,NP_001190290.1 adaptin family protein [Arabidopsis thaliana]
AP1beta,AP1beta_hmm1.afaa,Arabidopsis_thaliana.faa,hmmsearch 3.3,-,7,6.50E-111,190,89,NP_001330519.1,NP_001330519.1 adaptin family protein [Arabidopsis thaliana]
AP1beta,AP1beta_hmm1.afaa,Arabidopsis_thaliana.faa,hmmsearch 3.3,-,8,1.60E-62,238,125,NP_974443.4,NP_974443.4 protein affected trafficking 2 [Arabidopsis thaliana]
AP1beta,AP1beta_hmm1.afaa,Arabidopsis_thaliana.faa,hmmsearch 3.3,-,9,2.30E-33,267,111,NP_567022.1,NP_567022.1 protein affected trafficking 2 [Arabidopsis thaliana]
AP1beta,AP1beta_hmm1.afaa,Arabidopsis_thaliana.faa,hmmsearch 3.3,-,10,6.60E-14,287,106,NP_001190880.1,"NP_001190880.1 Coatomer, beta subunit [Arabidopsis thaliana]"
AP1beta,AP1beta_hmm1.afaa,Arabidopsis_thaliana.faa,hmmsearch 3.3,-,11,6.60E-14,287,106,NP_001320104.1,"NP_001320104.1 Coatomer, beta subunit [Arabidopsis thaliana]"
AP1beta,AP1beta_hmm1.afaa,Arabidopsis_thaliana.faa,hmmsearch 3.3,-,12,6.60E-14,287,106,NP_001328337.1,"NP_001328337.1 Coatomer, beta subunit [Arabidopsis thaliana]"
AP1beta,AP1beta_hmm1.afaa,Arabidopsis_thaliana.faa,hmmsearch 3.3,-,13,6.60E-14,287,106,NP_001328338.1,"NP_001328338.1 Coatomer, beta subunit [Arabidopsis thaliana]"
AP1beta,AP1beta_hmm1.afaa,Arabidopsis_thaliana.faa,hmmsearch 3.3,-,14,6.60E-14,287,106,NP_001328339.1,"NP_001328339.1 Coatomer, beta subunit [Arabidopsis thaliana]"
AP1beta,AP1beta_hmm1.afaa,Arabidopsis_thaliana.faa,hmmsearch 3.3,-,15,6.60E-14,287,106,NP_001328342.1,"NP_001328342.1 Coatomer, beta subunit [Arabidopsis thaliana]"
AP1beta,AP1beta_hmm1.afaa,Arabidopsis_thaliana.faa,hmmsearch 3.3,-,16,6.60E-14,287,106,NP_194876.2,"NP_194876.2 Coatomer, beta subunit [Arabidopsis thaliana]"
AP1beta,AP1beta_hmm1.afaa,Arabidopsis_thaliana.faa,hmmsearch 3.3,-,17,8.00E-14,287,109,NP_001328340.1,"NP_001328340.1 Coatomer, beta subunit [Arabidopsis thaliana]"
AP1beta,AP1beta_hmm1.afaa,Arabidopsis_thaliana.faa,hmmsearch 3.3,-,18,8.00E-14,287,109,NP_001328341.1,"NP_001328341.1 Coatomer, beta subunit [Arabidopsis thaliana]"
AP1beta,AP1beta_hmm1.afaa,Arabidopsis_thaliana.faa,hmmsearch 3.3,-,19,8.70E-14,287,106,NP_001329405.1,"NP_001329405.1 Coatomer, beta subunit [Arabidopsis thaliana]"
AP1beta,AP1beta_hmm1.afaa,Arabidopsis_thaliana.faa,hmmsearch 3.3,-,20,8.70E-14,287,106,NP_001329406.1,"NP_001329406.1 Coatomer, beta subunit [Arabidopsis thaliana]"
AP1beta,AP1beta_hmm1.afaa,Arabidopsis_thaliana.faa,hmmsearch 3.3,-,21,8.70E-14,287,106,NP_194877.2,"NP_194877.2 Coatomer, beta subunit [Arabidopsis thaliana]"
AP1beta,AP1beta_hmm1.afaa,Arabidopsis_thaliana.faa,hmmsearch 3.3,-,22,1.20E-07,293,99,NP_195171.2,"NP_195171.2 coatomer gamma-2 subunit, putative / gamma-2 coat protein, putative / gamma-2 COP [Arabidop"
AP1beta,AP1beta_hmm1.afaa,Arabidopsis_thaliana.faa,hmmsearch 3.3,-,23,1.30E-07,293,113,NP_001330969.1,NP_001330969.1 alpha-adaptin [Arabidopsis thaliana]
AP1beta,AP1beta_hmm1.afaa,Arabidopsis_thaliana.faa,hmmsearch 3.3,-,24,1.30E-07,293,113,NP_001330970.1,NP_001330970.1 alpha-adaptin [Arabidopsis thaliana]
AP1beta,AP1beta_hmm1.afaa,Arabidopsis_thaliana.faa,hmmsearch 3.3,-,25,1.30E-07,293,113,NP_001330971.1,NP_001330971.1 alpha-adaptin [Arabidopsis thaliana]
AP1beta,AP1beta_hmm1.afaa,Arabidopsis_thaliana.faa,hmmsearch 3.3,-,26,1.30E-07,293,113,NP_197669.1,NP_197669.1 alpha-adaptin [Arabidopsis thaliana]
AP1beta,AP1beta_hmm1.afaa,Arabidopsis_thaliana.faa,hmmsearch 3.3,-,27,1.30E-07,293,113,NP_851057.1,NP_851057.1 alpha-adaptin [Arabidopsis thaliana]
AP1beta,AP1beta_hmm1.afaa,Arabidopsis_thaliana.faa,hmmsearch 3.3,-,28,1.30E-07,293,113,NP_851058.1,NP_851058.1 alpha-adaptin [Arabidopsis thaliana]
AP1beta,AP1beta_hmm1.afaa,Arabidopsis_thaliana.faa,hmmsearch 3.3,-,29,2.70E-07,293,113,NP_001330127.1,"NP_001330127.1 Adaptor protein complex AP-2, alpha subunit [Arabidopsis thaliana]"
AP1beta,AP1beta_hmm1.afaa,Arabidopsis_thaliana.faa,hmmsearch 3.3,-,30,2.70E-07,293,113,NP_197670.1,"NP_197670.1 Adaptor protein complex AP-2, alpha subunit [Arabidopsis thaliana]"
AP1beta,AP1beta_hmm1.afaa,Arabidopsis_thaliana.faa,hmmsearch 3.3,-,31,1.40E-06,294,101,NP_001185270.1,"NP_001185270.1 Adaptor protein complex AP-1, gamma subunit [Arabidopsis thaliana]"
AP1beta,AP1beta_hmm1.afaa,Arabidopsis_thaliana.faa,hmmsearch 3.3,-,32,0.00015,296,97,NP_001322140.1,NP_001322140.1 gamma-adaptin 1 [Arabidopsis thaliana]
AP1beta,AP1beta_hmm1.afaa,Arabidopsis_thaliana.faa,hmmsearch 3.3,-,33,0.00015,296,97,NP_176215.2,"NP_176215.2 Adaptor protein complex AP-1, gamma subunit [Arabidopsis thaliana]"
AP1beta,AP1beta_hmm1.afaa,Arabidopsis_thaliana.faa,hmmsearch 3.3,-,34,0.00017,296,98,NP_173802.1,NP_173802.1 gamma-adaptin 1 [Arabidopsis thaliana]
AP1beta,AP1beta_hmm1.afaa,Arabidopsis_thaliana.faa,hmmsearch 3.3,-,35,0.00017,296,98,NP_849701.1,NP_849701.1 gamma-adaptin 1 [Arabidopsis thaliana]
AP1beta,AP1beta_hmm1.afaa,Arabidopsis_thaliana.faa,hmmsearch 3.3,-,36,0.00033,297,105,NP_174454.2,NP_174454.2 Adaptin family protein [Arabidopsis thaliana]
AP1beta,AP1beta_hmm1.afaa,Arabidopsis_thaliana.faa,hmmsearch 3.3,-,37,0.02,298,31,NP_001325459.1,NP_001325459.1 UPSTREAM OF FLC-like protein (DUF966) [Arabidopsis thaliana]
AP1beta,AP1beta_hmm1.afaa,Arabidopsis_thaliana.faa,hmmsearch 3.3,-,38,0.025,298,35,NP_974389.1,NP_974389.1 UPSTREAM OF FLC-like protein (DUF966) [Arabidopsis thaliana]
AP1beta,AP1beta_hmm1.afaa,Arabidopsis_thaliana.faa,hmmsearch 3.3,-,39,0.031,298,38,NP_190197.2,NP_190197.2 UPSTREAM OF FLC-like protein (DUF966) [Arabidopsis thaliana]
AP1beta,AP1beta_hmm1.afaa,Arabidopsis_thaliana.faa,hmmsearch 3.3,-,40,0.15,299,22,NP_001030657.1,NP_001030657.1 histone H2A deubiquitinase (DUF3755) [Arabidopsis thaliana]
AP1beta,AP1beta_hmm1.afaa,Arabidopsis_thaliana.faa,hmmsearch 3.3,-,41,0.18,299,29,NP_001030658.1,NP_001030658.1 histone H2A deubiquitinase (DUF3755) [Arabidopsis thaliana]
AP1beta,AP1beta_hmm1.afaa,Arabidopsis_thaliana.faa,hmmsearch 3.3,-,42,0.19,299,29,NP_187413.1,NP_187413.1 histone H2A deubiquitinase (DUF3755) [Arabidopsis thaliana]
AP1beta,AP1beta_hmm1.afaa,Arabidopsis_thaliana.faa,hmmsearch 3.3,-,43,0.21,299,30,NP_001189835.1,NP_001189835.1 histone H2A deubiquitinase (DUF3755) [Arabidopsis thaliana]
AP2alpha,AP2alpha_hmm1.afaa,Arabidopsis_thaliana.faa,hmmsearch 3.3,+,1,0,0,100,NP_001330969.1,NP_001330969.1 alpha-adaptin [Arabidopsis thaliana]
AP2alpha,AP2alpha_hmm1.afaa,Arabidopsis_thaliana.faa,hmmsearch 3.3,+,2,0,0,100,NP_001330970.1,NP_001330970.1 alpha-adaptin [Arabidopsis thaliana]
AP2alpha,AP2alpha_hmm1.afaa,Arabidopsis_thaliana.faa,hmmsearch 3.3,+,3,0,0,100,NP_001330971.1,NP_001330971.1 alpha-adaptin [Arabidopsis thaliana]
AP2alpha,AP2alpha_hmm1.afaa,Arabidopsis_thaliana.faa,hmmsearch 3.3,+,4,0,0,100,NP_197669.1,NP_197669.1 alpha-adaptin [Arabidopsis thaliana]
AP2alpha,AP2alpha_hmm1.afaa,Arabidopsis_thaliana.faa,hmmsearch 3.3,+,5,0,0,100,NP_851057.1,NP_851057.1 alpha-adaptin [Arabidopsis thaliana]
AP2alpha,AP2alpha_hmm1.afaa,Arabidopsis_thaliana.faa,hmmsearch 3.3,+,6,0,0,100,NP_851058.1,NP_851058.1 alpha-adaptin [Arabidopsis thaliana]
AP2alpha,AP2alpha_hmm1.afaa,Arabidopsis_thaliana.faa,hmmsearch 3.3,+,7,0,0,100,NP_001330127.1,"NP_001330127.1 Adaptor protein complex AP-2, alpha subunit [Arabidopsis thaliana]"
AP2alpha,AP2alpha_hmm1.afaa,Arabidopsis_thaliana.faa,hmmsearch 3.3,+,8,0,0,100,NP_197670.1,"NP_197670.1 Adaptor protein complex AP-2, alpha subunit [Arabidopsis thaliana]"
AP2alpha,AP2alpha_hmm1.afaa,Arabidopsis_thaliana.faa,hmmsearch 3.3,-,9,2.20E-92,208,87,NP_173802.1,NP_173802.1 gamma-adaptin 1 [Arabidopsis thaliana]
AP2alpha,AP2alpha_hmm1.afaa,Arabidopsis_thaliana.faa,hmmsearch 3.3,-,10,2.20E-92,208,87,NP_849701.1,NP_849701.1 gamma-adaptin 1 [Arabidopsis thaliana]
AP2alpha,AP2alpha_hmm1.afaa,Arabidopsis_thaliana.faa,hmmsearch 3.3,-,11,8.30E-92,209,85,NP_001322140.1,NP_001322140.1 gamma-adaptin 1 [Arabidopsis thaliana]
AP2alpha,AP2alpha_hmm1.afaa,Arabidopsis_thaliana.faa,hmmsearch 3.3,-,12,2.80E-89,211,85,NP_176215.2,"NP_176215.2 Adaptor protein complex AP-1, gamma subunit [Arabidopsis thaliana]"
AP2alpha,AP2alpha_hmm1.afaa,Arabidopsis_thaliana.faa,hmmsearch 3.3,-,13,3.20E-89,212,89,NP_001185270.1,"NP_001185270.1 Adaptor protein complex AP-1, gamma subunit [Arabidopsis thaliana]"
AP2alpha,AP2alpha_hmm1.afaa,Arabidopsis_thaliana.faa,hmmsearch 3.3,-,14,1.60E-54,246,93,NP_174454.2,NP_174454.2 Adaptin family protein [Arabidopsis thaliana]
AP2alpha,AP2alpha_hmm1.afaa,Arabidopsis_thaliana.faa,hmmsearch 3.3,-,15,2.00E-34,266,122,NP_001320527.1,NP_001320527.1 apoptosis inhibitory protein [Arabidopsis thaliana]
AP2alpha,AP2alpha_hmm1.afaa,Arabidopsis_thaliana.faa,hmmsearch 3.3,-,16,2.10E-34,266,122,NP_001320526.1,NP_001320526.1 apoptosis inhibitory protein [Arabidopsis thaliana]
AP2alpha,AP2alpha_hmm1.afaa,Arabidopsis_thaliana.faa,hmmsearch 3.3,-,17,2.30E-34,266,127,NP_001319071.1,NP_001319071.1 apoptosis inhibitory protein [Arabidopsis thaliana]
AP2alpha,AP2alpha_hmm1.afaa,Arabidopsis_thaliana.faa,hmmsearch 3.3,-,18,4.40E-21,280,86,NP_001031156.1,NP_001031156.1 delta-adaptin [Arabidopsis thaliana]
AP2alpha,AP2alpha_hmm1.afaa,Arabidopsis_thaliana.faa,hmmsearch 3.3,-,19,4.40E-21,280,86,NP_175308.1,NP_175308.1 delta-adaptin [Arabidopsis thaliana]
AP2alpha,AP2alpha_hmm1.afaa,Arabidopsis_thaliana.faa,hmmsearch 3.3,-,20,4.40E-21,280,86,NP_849785.1,NP_849785.1 delta-adaptin [Arabidopsis thaliana]
AP2alpha,AP2alpha_hmm1.afaa,Arabidopsis_thaliana.faa,hmmsearch 3.3,-,21,5.30E-10,291,88,NP_192877.1,NP_192877.1 Adaptin family protein [Arabidopsis thaliana]
AP2alpha,AP2alpha_hmm1.afaa,Arabidopsis_thaliana.faa,hmmsearch 3.3,-,22,7.90E-10,291,91,NP_001190701.1,NP_001190701.1 Adaptin family protein [Arabidopsis thaliana]
AP2alpha,AP2alpha_hmm1.afaa,Arabidopsis_thaliana.faa,hmmsearch 3.3,-,23,2.90E-09,291,88,NP_194077.1,NP_194077.1 Adaptin family protein [Arabidopsis thaliana]
AP2alpha,AP2alpha_hmm1.afaa,Arabidopsis_thaliana.faa,hmmsearch 3.3,-,24,7.30E-06,295,79,NP_001328014.1,NP_001328014.1 Adaptin family protein [Arabidopsis thaliana]
AP2alpha,AP2alpha_hmm1.afaa,Arabidopsis_thaliana.faa,hmmsearch 3.3,-,25,0.12,299,84,NP_001190290.1,NP_001190290.1 adaptin family protein [Arabidopsis thaliana]
AP2alpha,AP2alpha_hmm1.afaa,Arabidopsis_thaliana.faa,hmmsearch 3.3,-,26,0.12,299,83,NP_196710.1,NP_196710.1 adaptin family protein [Arabidopsis thaliana]
AP2alpha,AP2alpha_hmm1.afaa,Arabidopsis_thaliana.faa,hmmsearch 3.3,-,27,1.1,300,60,NP_194629.1,NP_194629.1 Tesmin/TSO1-like CXC domain-containing protein [Arabidopsis thaliana]
AP2mu,AP2mu_hmm1.afaa,Arabidopsis_thaliana.faa,hmmsearch 3.3,+,1,0,0,100,NP_199475.1,NP_199475.1 Clathrin adaptor complexes medium subunit family protein [Arabidopsis thaliana]
AP2mu,AP2mu_hmm1.afaa,Arabidopsis_thaliana.faa,hmmsearch 3.3,+,2,5.60E-293,8,101,NP_974895.1,NP_974895.1 Clathrin adaptor complexes medium subunit family protein [Arabidopsis thaliana]
AP2mu,AP2mu_hmm1.afaa,Arabidopsis_thaliana.faa,hmmsearch 3.3,-,3,2.80E-113,187,98,NP_176277.1,NP_176277.1 Clathrin adaptor complexes medium subunit family protein [Arabidopsis thaliana]
AP2mu,AP2mu_hmm1.afaa,Arabidopsis_thaliana.faa,hmmsearch 3.3,-,4,5.60E-112,189,98,NP_172543.1,NP_172543.1 Clathrin adaptor complexes medium subunit family protein [Arabidopsis thaliana]
AP2mu,AP2mu_hmm1.afaa,Arabidopsis_thaliana.faa,hmmsearch 3.3,-,5,1.10E-78,222,103,NP_194186.1,NP_194186.1 Clathrin adaptor complexes medium subunit family protein [Arabidopsis thaliana]
AP2mu,AP2mu_hmm1.afaa,Arabidopsis_thaliana.faa,hmmsearch 3.3,-,6,1.40E-64,236,88,NP_001190824.1,NP_001190824.1 Clathrin adaptor complexes medium subunit family protein [Arabidopsis thaliana]
AP2mu,AP2mu_hmm1.afaa,Arabidopsis_thaliana.faa,hmmsearch 3.3,-,7,1.00E-63,237,87,NP_849437.1,NP_849437.1 Clathrin adaptor complexes medium subunit family protein [Arabidopsis thaliana]
AP2mu,AP2mu_hmm1.afaa,Arabidopsis_thaliana.faa,hmmsearch 3.3,-,8,9.30E-38,263,95,NP_176052.3,NP_176052.3 Clathrin adaptor complexes medium subunit family protein [Arabidopsis thaliana]
AP2mu,AP2mu_hmm1.afaa,Arabidopsis_thaliana.faa,hmmsearch 3.3,-,9,0.0084,298,37,NP_195267.1,NP_195267.1 Clathrin adaptor complex small chain family protein [Arabidopsis thaliana]
AP2mu,AP2mu_hmm1.afaa,Arabidopsis_thaliana.faa,hmmsearch 3.3,-,10,0.014,298,37,NP_565415.1,NP_565415.1 associated protein 19 [Arabidopsis thaliana]
AP2mu,AP2mu_hmm1.afaa,Arabidopsis_thaliana.faa,hmmsearch 3.3,-,11,0.036,299,97,NP_973496.1,NP_973496.1 clathrin adaptor complexes medium subunit family protein [Arabidopsis thaliana]
AP2mu,AP2mu_hmm1.afaa,Arabidopsis_thaliana.faa,hmmsearch 3.3,-,12,0.045,299,108,NP_973495.1,NP_973495.1 clathrin adaptor complexes medium subunit family protein [Arabidopsis thaliana]
AP2mu,AP2mu_hmm1.afaa,Arabidopsis_thaliana.faa,hmmsearch 3.3,-,13,0.071,299,129,NP_001323953.1,NP_001323953.1 clathrin adaptor complexes medium subunit family protein [Arabidopsis thaliana]
AP2mu,AP2mu_hmm1.afaa,Arabidopsis_thaliana.faa,hmmsearch 3.3,-,14,0.082,299,140,NP_850004.1,NP_850004.1 clathrin adaptor complexes medium subunit family protein [Arabidopsis thaliana]
AP2sigma,AP2sigma_hmm1.afaa,Arabidopsis_thaliana.faa,hmmsearch 3.3,+,1,1.70E-94,0,100,NP_175219.1,NP_175219.1 SNARE-like superfamily protein [Arabidopsis thaliana]
AP2sigma,AP2sigma_hmm1.afaa,Arabidopsis_thaliana.faa,hmmsearch 3.3,-,2,3.30E-52,42,114,NP_195267.1,NP_195267.1 Clathrin adaptor complex small chain family protein [Arabidopsis thaliana]
AP2sigma,AP2sigma_hmm1.afaa,Arabidopsis_thaliana.faa,hmmsearch 3.3,-,3,5.40E-52,43,113,NP_565415.1,NP_565415.1 associated protein 19 [Arabidopsis thaliana]
AP2sigma,AP2sigma_hmm1.afaa,Arabidopsis_thaliana.faa,hmmsearch 3.3,-,4,2.90E-39,55,101,NP_179569.1,NP_179569.1 SNARE-like superfamily protein [Arabidopsis thaliana]
AP2sigma,AP2sigma_hmm1.afaa,Arabidopsis_thaliana.faa,hmmsearch 3.3,-,5,4.30E-33,61,75,NP_001320142.1,NP_001320142.1 Clathrin adaptor complex small chain family protein [Arabidopsis thaliana]
AP2sigma,AP2sigma_hmm1.afaa,Arabidopsis_thaliana.faa,hmmsearch 3.3,-,6,3.00E-30,64,117,NP_190655.2,NP_190655.2 Clathrin adaptor complex small chain family protein [Arabidopsis thaliana]
AP2sigma,AP2sigma_hmm1.afaa,Arabidopsis_thaliana.faa,hmmsearch 3.3,-,7,6.50E-30,65,102,NP_001327312.1,NP_001327312.1 Clathrin adaptor complex small chain family protein [Arabidopsis thaliana]
AP2sigma,AP2sigma_hmm1.afaa,Arabidopsis_thaliana.faa,hmmsearch 3.3,-,8,0.00021,90,127,NP_567337.1,NP_567337.1 SNARE-like superfamily protein [Arabidopsis thaliana]
AP2sigma,AP2sigma_hmm1.afaa,Arabidopsis_thaliana.faa,hmmsearch 3.3,-,9,0.00036,90,126,NP_001327154.1,NP_001327154.1 SNARE-like superfamily protein [Arabidopsis thaliana]
AP2sigma,AP2sigma_hmm1.afaa,Arabidopsis_thaliana.faa,hmmsearch 3.3,-,10,0.00036,90,126,NP_001327155.1,NP_001327155.1 SNARE-like superfamily protein [Arabidopsis thaliana]
AP2sigma,AP2sigma_hmm1.afaa,Arabidopsis_thaliana.faa,hmmsearch 3.3,-,11,0.00036,90,126,NP_566358.3,NP_566358.3 SNARE-like superfamily protein [Arabidopsis thaliana]
AP2sigma,AP2sigma_hmm1.afaa,Arabidopsis_thaliana.faa,hmmsearch 3.3,-,12,0.00095,91,182,NP_001327157.1,NP_001327157.1 SNARE-like superfamily protein [Arabidopsis thaliana]
AP2sigma,AP2sigma_hmm1.afaa,Arabidopsis_thaliana.faa,hmmsearch 3.3,-,13,0.026,92,125,NP_564767.1,NP_564767.1 SNARE-like superfamily protein [Arabidopsis thaliana]
AP2sigma,AP2sigma_hmm1.afaa,Arabidopsis_thaliana.faa,hmmsearch 3.3,-,14,0.055,93,301,NP_172543.1,NP_172543.1 Clathrin adaptor complexes medium subunit family protein [Arabidopsis thaliana]
AP2sigma,AP2sigma_hmm1.afaa,Arabidopsis_thaliana.faa,hmmsearch 3.3,-,15,0.066,93,301,NP_176277.1,NP_176277.1 Clathrin adaptor complexes medium subunit family protein [Arabidopsis thaliana]
AP2sigma,AP2sigma_hmm1.afaa,Arabidopsis_thaliana.faa,hmmsearch 3.3,-,16,0.099,93,99,NP_001327153.1,NP_001327153.1 SNARE-like superfamily protein [Arabidopsis thaliana]
AP2sigma,AP2sigma_hmm1.afaa,Arabidopsis_thaliana.faa,hmmsearch 3.3,-,17,0.099,93,99,NP_001327156.1,NP_001327156.1 SNARE-like superfamily protein [Arabidopsis thaliana]
Sec12,Sec12_hmm1.afaa,Arabidopsis_thaliana.faa,hmmsearch 3.3,+,1,7.20E-204,0,100,NP_566961.1,NP_566961.1 phosphate transporter traffic facilitator1 [Arabidopsis thaliana]
Sec12,Sec12_hmm1.afaa,Arabidopsis_thaliana.faa,hmmsearch 3.3,+,2,8.20E-68,136,96,NP_568738.1,NP_568738.1 Transducin/WD40 repeat-like superfamily protein [Arabidopsis thaliana]
Sec12,Sec12_hmm1.afaa,Arabidopsis_thaliana.faa,hmmsearch 3.3,+,3,8.20E-68,136,96,NP_680414.1,NP_680414.1 Transducin/WD40 repeat-like superfamily protein [Arabidopsis thaliana]
Sec12,Sec12_hmm1.afaa,Arabidopsis_thaliana.faa,hmmsearch 3.3,+,4,1.70E-65,138,99,NP_178256.1,NP_178256.1 SEC12P-like 2 protein [Arabidopsis thaliana]
Sec12,Sec12_hmm1.afaa,Arabidopsis_thaliana.faa,hmmsearch 3.3,-,5,2.40E-20,184,80,NP_190535.1,NP_190535.1 Transducin/WD40 repeat-like superfamily protein [Arabidopsis thaliana]
Sec12,Sec12_hmm1.afaa,Arabidopsis_thaliana.faa,hmmsearch 3.3,-,6,3.60E-19,185,84,NP_192182.1,NP_192182.1 Transducin/WD40 repeat-like superfamily protein [Arabidopsis thaliana]
Sec12,Sec12_hmm1.afaa,Arabidopsis_thaliana.faa,hmmsearch 3.3,-,7,2.60E-15,189,102,NP_177329.2,NP_177329.2 transducin family protein / WD-40 repeat family protein [Arabidopsis thaliana]
Sec12,Sec12_hmm1.afaa,Arabidopsis_thaliana.faa,hmmsearch 3.3,-,8,1.40E-13,190,132,NP_850206.4,NP_850206.4 MOS4-associated complex 3B [Arabidopsis thaliana]
Sec12,Sec12_hmm1.afaa,Arabidopsis_thaliana.faa,hmmsearch 3.3,-,9,1.40E-13,190,132,NP_850207.4,NP_850207.4 MOS4-associated complex 3B [Arabidopsis thaliana]
Sec12,Sec12_hmm1.afaa,Arabidopsis_thaliana.faa,hmmsearch 3.3,-,10,7.10E-13,191,85,NP_974972.1,NP_974972.1 Transducin/WD40 repeat-like superfamily protein [Arabidopsis thaliana]
Sec12,Sec12_hmm1.afaa,Arabidopsis_thaliana.faa,hmmsearch 3.3,-,11,1.00E-12,191,108,NP_200902.1,NP_200902.1 Transducin/WD40 repeat-like superfamily protein [Arabidopsis thaliana]
Sec12,Sec12_hmm1.afaa,Arabidopsis_thaliana.faa,hmmsearch 3.3,-,12,1.60E-12,191,81,NP_194712.1,NP_194712.1 Transducin/WD40 repeat-like superfamily protein [Arabidopsis thaliana]
Sec12,Sec12_hmm1.afaa,Arabidopsis_thaliana.faa,hmmsearch 3.3,-,13,1.80E-12,191,139,NP_001324961.1,NP_001324961.1 WD-40 repeat family protein / small nuclear ribonucleoprotein Prp4p-like protein [Ara
Sec12,Sec12_hmm1.afaa,Arabidopsis_thaliana.faa,hmmsearch 3.3,-,14,1.80E-12,191,139,NP_181681.1,NP_181681.1 WD-40 repeat family protein / small nuclear ribonucleoprotein Prp4p-like protein [Arabidops
Sec12,Sec12_hmm1.afaa,Arabidopsis_thaliana.faa,hmmsearch 3.3,-,15,6.00E-12,192,154,NP_201533.1,NP_201533.1 WD-40 repeat family protein [Arabidopsis thaliana]
Sec12,Sec12_hmm1.afaa,Arabidopsis_thaliana.faa,hmmsearch 3.3,-,16,1.70E-11,192,240,NP_188791.3,NP_188791.3 transducin family protein / WD-40 repeat family protein [Arabidopsis thaliana]
Sec12,Sec12_hmm1.afaa,Arabidopsis_thaliana.faa,hmmsearch 3.3,-,17,2.80E-11,193,79,NP_179795.2,NP_179795.2 Transducin/WD40 repeat-like superfamily protein [Arabidopsis thaliana]
Sec12,Sec12_hmm1.afaa,Arabidopsis_thaliana.faa,hmmsearch 3.3,-,18,6.50E-11,193,82,NP_173248.1,NP_173248.1 Transducin/WD40 repeat-like superfamily protein [Arabidopsis thaliana]
Sec12,Sec12_hmm1.afaa,Arabidopsis_thaliana.faa,hmmsearch 3.3,-,19,1.50E-10,193,200,NP_001329322.1,NP_001329322.1 transducin family protein / WD-40 repeat family protein [Arabidopsis thaliana]
Sec12,Sec12_hmm1.afaa,Arabidopsis_thaliana.faa,hmmsearch 3.3,-,20,1.70E-10,193,128,NP_177513.2,NP_177513.2 transducin family protein / WD-40 repeat family protein [Arabidopsis thaliana]
Sec12,Sec12_hmm1.afaa,Arabidopsis_thaliana.faa,hmmsearch 3.3,-,21,2.20E-10,193,229,NP_567275.1,NP_567275.1 transducin family protein / WD-40 repeat family protein [Arabidopsis thaliana]
Sec12,Sec12_hmm1.afaa,Arabidopsis_thaliana.faa,hmmsearch 3.3,-,22,3.80E-10,194,77,NP_188442.1,NP_188442.1 Transducin/WD40 repeat-like superfamily protein [Arabidopsis thaliana]
Sec12,Sec12_hmm1.afaa,Arabidopsis_thaliana.faa,hmmsearch 3.3,-,23,5.10E-10,194,82,NP_188441.1,NP_188441.1 receptor for activated C kinase 1C [Arabidopsis thaliana]
Sec12,Sec12_hmm1.afaa,Arabidopsis_thaliana.faa,hmmsearch 3.3,-,24,5.60E-10,194,131,NP_001030958.1,NP_001030958.1 MOS4-associated complex 3A [Arabidopsis thaliana]
Sec12,Sec12_hmm1.afaa,Arabidopsis_thaliana.faa,hmmsearch 3.3,-,25,5.70E-10,194,131,NP_563708.1,NP_563708.1 MOS4-associated complex 3A [Arabidopsis thaliana]
Sec12,Sec12_hmm1.afaa,Arabidopsis_thaliana.faa,hmmsearch 3.3,-,26,6.30E-10,194,107,NP_563675.1,NP_563675.1 Transducin/WD40 repeat-like superfamily protein [Arabidopsis thaliana]
Sec12,Sec12_hmm1.afaa,Arabidopsis_thaliana.faa,hmmsearch 3.3,-,27,8.60E-10,194,89,NP_182152.2,NP_182152.2 Transducin/WD40 repeat-like superfamily protein [Arabidopsis thaliana]
Sec12,Sec12_hmm1.afaa,Arabidopsis_thaliana.faa,hmmsearch 3.3,-,28,1.40E-09,194,167,NP_001330252.1,NP_001330252.1 TBP-associated factor 5 [Arabidopsis thaliana]
Sec12,Sec12_hmm1.afaa,Arabidopsis_thaliana.faa,hmmsearch 3.3,-,29,1.40E-09,194,168,NP_197897.3,NP_197897.3 TBP-associated factor 5 [Arabidopsis thaliana]
Sec12,Sec12_hmm1.afaa,Arabidopsis_thaliana.faa,hmmsearch 3.3,-,30,2.60E-09,195,204,NP_174067.2,NP_174067.2 transducin family protein / WD-40 repeat family protein [Arabidopsis thaliana]
Sec12,Sec12_hmm1.afaa,Arabidopsis_thaliana.faa,hmmsearch 3.3,-,31,3.20E-09,195,82,NP_175296.1,NP_175296.1 receptor for activated C kinase 1B [Arabidopsis thaliana]
Sec12,Sec12_hmm1.afaa,Arabidopsis_thaliana.faa,hmmsearch 3.3,-,32,3.50E-09,195,110,NP_190487.1,NP_190487.1 Transducin/WD40 repeat-like superfamily protein [Arabidopsis thaliana]
Sec12,Sec12_hmm1.afaa,Arabidopsis_thaliana.faa,hmmsearch 3.3,-,33,4.40E-09,195,82,NP_182151.1,NP_182151.1 TGF-beta receptor interacting protein 1 [Arabidopsis thaliana]
Sec12,Sec12_hmm1.afaa,Arabidopsis_thaliana.faa,hmmsearch 3.3,-,34,4.40E-09,195,82,NP_850450.1,NP_850450.1 TGF-beta receptor interacting protein 1 [Arabidopsis thaliana]
Sec12,Sec12_hmm1.afaa,Arabidopsis_thaliana.faa,hmmsearch 3.3,-,35,4.70E-09,195,119,NP_200094.1,NP_200094.1 WD-40 repeat family protein / notchless protein [Arabidopsis thaliana]
Sec12,Sec12_hmm1.afaa,Arabidopsis_thaliana.faa,hmmsearch 3.3,-,36,4.80E-09,195,276,NP_001190229.1,NP_001190229.1 transducin family protein / WD-40 repeat family protein [Arabidopsis thaliana]
Sec12,Sec12_hmm1.afaa,Arabidopsis_thaliana.faa,hmmsearch 3.3,-,37,4.90E-09,195,220,NP_568338.2,NP_568338.2 Transducin family protein / WD-40 repeat family protein [Arabidopsis thaliana]
Sec12,Sec12_hmm1.afaa,Arabidopsis_thaliana.faa,hmmsearch 3.3,-,38,6.10E-09,195,282,NP_196176.1,NP_196176.1 transducin family protein / WD-40 repeat family protein [Arabidopsis thaliana]
Sec12,Sec12_hmm1.afaa,Arabidopsis_thaliana.faa,hmmsearch 3.3,-,39,6.10E-09,195,69,NP_178635.1,NP_178635.1 Transducin/WD40 repeat-like superfamily protein [Arabidopsis thaliana]
Sec12,Sec12_hmm1.afaa,Arabidopsis_thaliana.faa,hmmsearch 3.3,-,40,8.70E-09,195,89,NP_565782.1,NP_565782.1 transducin family protein / WD-40 repeat family protein [Arabidopsis thaliana]
Sec12,Sec12_hmm1.afaa,Arabidopsis_thaliana.faa,hmmsearch 3.3,-,41,8.70E-09,195,149,NP_001327621.1,NP_001327621.1 SPA1-related 3 [Arabidopsis thaliana]
Sec12,Sec12_hmm1.afaa,Arabidopsis_thaliana.faa,hmmsearch 3.3,-,42,8.70E-09,195,149,NP_001327622.1,NP_001327622.1 SPA1-related 3 [Arabidopsis thaliana]
Sec12,Sec12_hmm1.afaa,Arabidopsis_thaliana.faa,hmmsearch 3.3,-,43,9.20E-09,195,102,NP_001324460.1,NP_001324460.1 Transducin/WD40 repeat-like superfamily protein [Arabidopsis thaliana]
Sec12,Sec12_hmm1.afaa,Arabidopsis_thaliana.faa,hmmsearch 3.3,-,44,1.00E-08,195,108,NP_567150.1,NP_567150.1 Transducin/WD40 repeat-like superfamily protein [Arabidopsis thaliana]
Sec12,Sec12_hmm1.afaa,Arabidopsis_thaliana.faa,hmmsearch 3.3,-,45,1.20E-08,195,86,NP_566519.1,NP_566519.1 Transducin/WD40 repeat-like superfamily protein [Arabidopsis thaliana]
Sec12,Sec12_hmm1.afaa,Arabidopsis_thaliana.faa,hmmsearch 3.3,-,46,1.30E-08,195,115,NP_001324461.1,NP_001324461.1 Transducin/WD40 repeat-like superfamily protein [Arabidopsis thaliana]
Sec12,Sec12_hmm1.afaa,Arabidopsis_thaliana.faa,hmmsearch 3.3,-,47,1.80E-08,195,137,NP_181253.2,NP_181253.2 Transducin/WD40 repeat-like superfamily protein [Arabidopsis thaliana]
Sec12,Sec12_hmm1.afaa,Arabidopsis_thaliana.faa,hmmsearch 3.3,-,48,2.00E-08,195,144,NP_001031501.2,NP_001031501.2 Transducin/WD40 repeat-like superfamily protein [Arabidopsis thaliana]
Sec12,Sec12_hmm1.afaa,Arabidopsis_thaliana.faa,hmmsearch 3.3,-,49,2.10E-08,195,144,NP_001321532.1,NP_001321532.1 SPA1-related 4 [Arabidopsis thaliana]
Sec12,Sec12_hmm1.afaa,Arabidopsis_thaliana.faa,hmmsearch 3.3,-,50,2.50E-08,196,86,NP_175682.2,NP_175682.2 Transducin/WD40 repeat-like superfamily protein [Arabidopsis thaliana]
SNAP33,SNAP33_hmm1.afaa,Arabidopsis_thaliana.faa,hmmsearch 3.3,+,1,5.50E-126,0,100,NP_001332102.1,NP_001332102.1 soluble N-ethylmaleimide-sensitive factor adaptor protein 33 [Arabidopsis thaliana]
SNAP33,SNAP33_hmm1.afaa,Arabidopsis_thaliana.faa,hmmsearch 3.3,+,2,5.50E-126,0,100,NP_200929.1,NP_200929.1 soluble N-ethylmaleimide-sensitive factor adaptor protein 33 [Arabidopsis thaliana]
SNAP33,SNAP33_hmm1.afaa,Arabidopsis_thaliana.faa,hmmsearch 3.3,+,3,6.10E-90,36,88,NP_001318998.1,NP_001318998.1 soluble N-ethylmaleimide-sensitive factor adaptor protein 30 [Arabidopsis thaliana]
SNAP33,SNAP33_hmm1.afaa,Arabidopsis_thaliana.faa,hmmsearch 3.3,+,4,6.10E-90,36,88,NP_172842.1,NP_172842.1 soluble N-ethylmaleimide-sensitive factor adaptor protein 30 [Arabidopsis thaliana]
SNAP33,SNAP33_hmm1.afaa,Arabidopsis_thaliana.faa,hmmsearch 3.3,+,5,1.20E-81,44,84,NP_001318503.1,NP_001318503.1 synaptosomal-associated protein SNAP25-like 29 [Arabidopsis thaliana]
SNAP33,SNAP33_hmm1.afaa,Arabidopsis_thaliana.faa,hmmsearch 3.3,+,6,1.20E-81,44,84,NP_196405.1,NP_196405.1 synaptosomal-associated protein SNAP25-like 29 [Arabidopsis thaliana]
SNAP33,SNAP33_hmm1.afaa,Arabidopsis_thaliana.faa,hmmsearch 3.3,-,7,6.70E-09,117,89,NP_566354.1,NP_566354.1 syntaxin of plants 71 [Arabidopsis thaliana]
SNAP33,SNAP33_hmm1.afaa,Arabidopsis_thaliana.faa,hmmsearch 3.3,-,8,2.40E-08,118,80,NP_001326893.1,NP_001326893.1 syntaxin of plants 72 [Arabidopsis thaliana]
SNAP33,SNAP33_hmm1.afaa,Arabidopsis_thaliana.faa,hmmsearch 3.3,-,9,2.80E-08,118,89,NP_001319688.1,NP_001319688.1 syntaxin of plants 72 [Arabidopsis thaliana]
SNAP33,SNAP33_hmm1.afaa,Arabidopsis_thaliana.faa,hmmsearch 3.3,-,10,2.80E-08,118,89,NP_566878.1,NP_566878.1 syntaxin of plants 72 [Arabidopsis thaliana]
SNAP33,SNAP33_hmm1.afaa,Arabidopsis_thaliana.faa,hmmsearch 3.3,-,11,4.10E-08,118,65,NP_001326528.1,NP_001326528.1 syntaxin of plants 73 [Arabidopsis thaliana]
SNAP33,SNAP33_hmm1.afaa,Arabidopsis_thaliana.faa,hmmsearch 3.3,-,12,4.50E-08,118,79,NP_001326526.1,NP_001326526.1 syntaxin of plants 73 [Arabidopsis thaliana]
SNAP33,SNAP33_hmm1.afaa,Arabidopsis_thaliana.faa,hmmsearch 3.3,-,13,5.50E-08,118,87,NP_001326529.1,NP_001326529.1 syntaxin of plants 73 [Arabidopsis thaliana]
SNAP33,SNAP33_hmm1.afaa,Arabidopsis_thaliana.faa,hmmsearch 3.3,-,14,5.70E-08,118,88,NP_001190153.1,NP_001190153.1 syntaxin of plants 73 [Arabidopsis thaliana]
SNAP33,SNAP33_hmm1.afaa,Arabidopsis_thaliana.faa,hmmsearch 3.3,-,15,4.90E-06,120,72,NP_001326527.1,NP_001326527.1 syntaxin of plants 73 [Arabidopsis thaliana]
SNAP33,SNAP33_hmm1.afaa,Arabidopsis_thaliana.faa,hmmsearch 3.3,-,16,1.40E-05,120,76,NP_001077546.1,NP_001077546.1 syntaxin of plants 51 [Arabidopsis thaliana]
SNAP33,SNAP33_hmm1.afaa,Arabidopsis_thaliana.faa,hmmsearch 3.3,-,17,1.90E-05,121,88,NP_565800.1,NP_565800.1 Putative plant snare 11 [Arabidopsis thaliana]
SNAP33,SNAP33_hmm1.afaa,Arabidopsis_thaliana.faa,hmmsearch 3.3,-,18,3.50E-05,121,71,NP_001323414.1,NP_001323414.1 Putative plant snare 12 [Arabidopsis thaliana]
SNAP33,SNAP33_hmm1.afaa,Arabidopsis_thaliana.faa,hmmsearch 3.3,-,19,0.00012,121,88,NP_567114.1,NP_567114.1 syntaxin of plants 73 [Arabidopsis thaliana]
SNAP33,SNAP33_hmm1.afaa,Arabidopsis_thaliana.faa,hmmsearch 3.3,-,20,0.00016,121,77,NP_001031054.1,NP_001031054.1 syntaxin of plants 51 [Arabidopsis thaliana]
SNAP33,SNAP33_hmm1.afaa,Arabidopsis_thaliana.faa,hmmsearch 3.3,-,21,0.00016,121,77,NP_001323228.1,NP_001323228.1 syntaxin of plants 51 [Arabidopsis thaliana]
SNAP33,SNAP33_hmm1.afaa,Arabidopsis_thaliana.faa,hmmsearch 3.3,-,22,0.00016,121,77,NP_563994.1,NP_563994.1 syntaxin of plants 51 [Arabidopsis thaliana]
SNAP33,SNAP33_hmm1.afaa,Arabidopsis_thaliana.faa,hmmsearch 3.3,-,23,0.00022,122,72,NP_001030716.1,NP_001030716.1 Putative plant snare 13 [Arabidopsis thaliana]
SNAP33,SNAP33_hmm1.afaa,Arabidopsis_thaliana.faa,hmmsearch 3.3,-,24,0.00022,122,90,NP_566578.1,NP_566578.1 Putative plant snare 13 [Arabidopsis thaliana]
SNAP33,SNAP33_hmm1.afaa,Arabidopsis_thaliana.faa,hmmsearch 3.3,-,25,0.0013,122,88,NP_175258.2,NP_175258.2 Putative plant snare 12 [Arabidopsis thaliana]
SNAP33,SNAP33_hmm1.afaa,Arabidopsis_thaliana.faa,hmmsearch 3.3,-,26,0.0018,123,41,NP_191376.1,NP_191376.1 BET1P/SFT1P-like protein 14A [Arabidopsis thaliana]
SNAP33,SNAP33_hmm1.afaa,Arabidopsis_thaliana.faa,hmmsearch 3.3,-,27,0.0022,123,78,NP_001031301.1,NP_001031301.1 syntaxin of plants 52 [Arabidopsis thaliana]
SNAP33,SNAP33_hmm1.afaa,Arabidopsis_thaliana.faa,hmmsearch 3.3,-,28,0.0022,123,78,NP_565213.1,NP_565213.1 syntaxin of plants 52 [Arabidopsis thaliana]
SNAP33,SNAP33_hmm1.afaa,Arabidopsis_thaliana.faa,hmmsearch 3.3,-,29,0.0026,123,43,NP_849384.1,NP_849384.1 Target SNARE coiled-coil domain protein [Arabidopsis thaliana]
SNAP33,SNAP33_hmm1.afaa,Arabidopsis_thaliana.faa,hmmsearch 3.3,-,30,0.0029,123,88,NP_001321707.1,NP_001321707.1 syntaxin of plants 52 [Arabidopsis thaliana]
SNAP33,SNAP33_hmm1.afaa,Arabidopsis_thaliana.faa,hmmsearch 3.3,-,31,0.0058,123,46,NP_567434.1,NP_567434.1 Target SNARE coiled-coil domain protein [Arabidopsis thaliana]
SNAP33,SNAP33_hmm1.afaa,Arabidopsis_thaliana.faa,hmmsearch 3.3,-,32,0.0066,123,114,NP_190808.1,NP_190808.1 syntaxin of plants 122 [Arabidopsis thaliana]
SNAP33,SNAP33_hmm1.afaa,Arabidopsis_thaliana.faa,hmmsearch 3.3,-,33,0.0098,123,45,NP_564319.1,NP_564319.1 Target SNARE coiled-coil domain protein [Arabidopsis thaliana]
SNAP33,SNAP33_hmm1.afaa,Arabidopsis_thaliana.faa,hmmsearch 3.3,-,34,0.012,123,105,NP_974288.1,NP_974288.1 syntaxin of plants 121 [Arabidopsis thaliana]
SNAP33,SNAP33_hmm1.afaa,Arabidopsis_thaliana.faa,hmmsearch 3.3,-,35,0.014,123,115,NP_187788.1,NP_187788.1 syntaxin of plants 121 [Arabidopsis thaliana]
SNAP33,SNAP33_hmm1.afaa,Arabidopsis_thaliana.faa,hmmsearch 3.3,-,36,0.018,124,56,NP_001189997.1,NP_001189997.1 vesicle transport V-snare 13 [Arabidopsis thaliana]
SNAP33,SNAP33_hmm1.afaa,Arabidopsis_thaliana.faa,hmmsearch 3.3,-,37,0.018,124,56,NP_001327542.1,NP_001327542.1 vesicle transport V-snare 13 [Arabidopsis thaliana]
SNAP33,SNAP33_hmm1.afaa,Arabidopsis_thaliana.faa,hmmsearch 3.3,-,38,0.018,124,56,NP_001327543.1,NP_001327543.1 vesicle transport V-snare 13 [Arabidopsis thaliana]
SNAP33,SNAP33_hmm1.afaa,Arabidopsis_thaliana.faa,hmmsearch 3.3,-,39,0.021,124,74,NP_198767.1,NP_198767.1 Vesicle transport v-SNARE family protein [Arabidopsis thaliana]
SNAP33,SNAP33_hmm1.afaa,Arabidopsis_thaliana.faa,hmmsearch 3.3,-,40,0.025,124,65,NP_189554.2,NP_189554.2 vesicle transport V-snare 13 [Arabidopsis thaliana]
SNAP33,SNAP33_hmm1.afaa,Arabidopsis_thaliana.faa,hmmsearch 3.3,-,41,0.088,124,74,NP_001327544.1,NP_001327544.1 vesicle transport V-snare 13 [Arabidopsis thaliana]
SNAP33,SNAP33_hmm1.afaa,Arabidopsis_thaliana.faa,hmmsearch 3.3,-,42,0.55,125,105,NP_001190256.1,NP_001190256.1 syntaxin of plants 132 [Arabidopsis thaliana]
SNAP33,SNAP33_hmm1.afaa,Arabidopsis_thaliana.faa,hmmsearch 3.3,-,43,1.1,125,66,NP_683311.2,NP_683311.2 Target SNARE coiled-coil domain protein [Arabidopsis thaliana]
SNAP33,SNAP33_hmm1.afaa,Arabidopsis_thaliana.faa,hmmsearch 3.3,-,44,1.4,125,74,NP_001323129.1,NP_001323129.1 Target SNARE coiled-coil domain protein [Arabidopsis thaliana]
Rab2,Rab2_hmm1.afaa,Arabidopsis_thaliana.faa,hmmsearch 3.3,+,1,1.30E-139,0,100,NP_193450.1,NP_193450.1 RAB GTPase homolog B1C [Arabidopsis thaliana]
Rab2,Rab2_hmm1.afaa,Arabidopsis_thaliana.faa,hmmsearch 3.3,+,2,4.10E-129,10,97,NP_193449.1,NP_193449.1 RAB GTPase homolog B1A [Arabidopsis thaliana]
Rab2,Rab2_hmm1.afaa,Arabidopsis_thaliana.faa,hmmsearch 3.3,+,3,2.10E-128,11,100,NP_195311.1,NP_195311.1 GTP-binding 2 [Arabidopsis thaliana]
Rab2,Rab2_hmm1.afaa,Arabidopsis_thaliana.faa,hmmsearch 3.3,+,4,1.60E-93,46,78,NP_001078499.1,NP_001078499.1 GTP-binding 2 [Arabidopsis thaliana]
Rab2,Rab2_hmm1.afaa,Arabidopsis_thaliana.faa,hmmsearch 3.3,-,5,9.80E-67,73,103,NP_200894.1,NP_200894.1 RAB GTPase homolog A1F [Arabidopsis thaliana]
Rab2,Rab2_hmm1.afaa,Arabidopsis_thaliana.faa,hmmsearch 3.3,-,6,3.50E-66,73,103,NP_180943.4,NP_180943.4 RAB GTPase homolog A1H [Arabidopsis thaliana]
Rab2,Rab2_hmm1.afaa,Arabidopsis_thaliana.faa,hmmsearch 3.3,-,7,8.20E-66,74,103,NP_188124.1,NP_188124.1 RAB GTPase homolog A1G [Arabidopsis thaliana]
Rab2,Rab2_hmm1.afaa,Arabidopsis_thaliana.faa,hmmsearch 3.3,-,8,2.50E-65,74,103,NP_193578.1,NP_193578.1 RAB GTPase homolog A1E [Arabidopsis thaliana]
Rab2,Rab2_hmm1.afaa,Arabidopsis_thaliana.faa,hmmsearch 3.3,-,9,4.30E-65,75,103,NP_174177.1,NP_174177.1 RAB GTPase homolog A1I [Arabidopsis thaliana]
Rab2,Rab2_hmm1.afaa,Arabidopsis_thaliana.faa,hmmsearch 3.3,-,10,1.50E-64,75,102,NP_199387.1,NP_199387.1 RAB GTPase homolog A1C [Arabidopsis thaliana]
Rab2,Rab2_hmm1.afaa,Arabidopsis_thaliana.faa,hmmsearch 3.3,-,11,2.30E-64,75,105,NP_187823.1,NP_187823.1 RAB GTPase homolog A4D [Arabidopsis thaliana]
Rab2,Rab2_hmm1.afaa,Arabidopsis_thaliana.faa,hmmsearch 3.3,-,12,3.10E-64,75,103,NP_187601.1,NP_187601.1 RAB GTPase homolog E1E [Arabidopsis thaliana]
Rab2,Rab2_hmm1.afaa,Arabidopsis_thaliana.faa,hmmsearch 3.3,-,13,7.00E-64,76,102,NP_172128.1,NP_172128.1 Ras-related small GTP-binding family protein [Arabidopsis thaliana]
Rab2,Rab2_hmm1.afaa,Arabidopsis_thaliana.faa,hmmsearch 3.3,-,14,1.30E-63,76,102,NP_195972.1,NP_195972.1 RAB GTPase homolog 8C [Arabidopsis thaliana]
Rab2,Rab2_hmm1.afaa,Arabidopsis_thaliana.faa,hmmsearch 3.3,-,15,3.50E-63,76,103,NP_200723.1,NP_200723.1 RAB GTPase homolog A2D [Arabidopsis thaliana]
Rab2,Rab2_hmm1.afaa,Arabidopsis_thaliana.faa,hmmsearch 3.3,-,16,5.20E-63,77,102,NP_173136.1,NP_173136.1 RAB GTPase homolog A1B [Arabidopsis thaliana]
Rab2,Rab2_hmm1.afaa,Arabidopsis_thaliana.faa,hmmsearch 3.3,-,17,8.40E-63,77,106,NP_199607.1,NP_199607.1 RAB GTPase homolog A4C [Arabidopsis thaliana]
Rab2,Rab2_hmm1.afaa,Arabidopsis_thaliana.faa,hmmsearch 3.3,-,18,8.70E-63,77,101,NP_172221.1,NP_172221.1 RAB GTPase homolog A2B [Arabidopsis thaliana]
Rab2,Rab2_hmm1.afaa,Arabidopsis_thaliana.faa,hmmsearch 3.3,-,19,1.20E-62,77,106,NP_195709.1,NP_195709.1 RAB GTPase homolog A4B [Arabidopsis thaliana]
Rab2,Rab2_hmm1.afaa,Arabidopsis_thaliana.faa,hmmsearch 3.3,-,20,1.30E-62,77,103,NP_001327707.1,NP_001327707.1 RAB GTPase homolog A2C [Arabidopsis thaliana]
Rab2,Rab2_hmm1.afaa,Arabidopsis_thaliana.faa,hmmsearch 3.3,-,21,1.30E-62,77,103,NP_190267.1,NP_190267.1 RAB GTPase homolog A2C [Arabidopsis thaliana]
Rab2,Rab2_hmm1.afaa,Arabidopsis_thaliana.faa,hmmsearch 3.3,-,22,1.40E-62,77,102,NP_200792.1,NP_200792.1 Ras-related small GTP-binding family protein [Arabidopsis thaliana]
Rab2,Rab2_hmm1.afaa,Arabidopsis_thaliana.faa,hmmsearch 3.3,-,23,2.80E-62,77,102,NP_001078278.1,NP_001078278.1 RAB GTPase homolog 8 [Arabidopsis thaliana]
Rab2,Rab2_hmm1.afaa,Arabidopsis_thaliana.faa,hmmsearch 3.3,-,24,2.80E-62,77,102,NP_190929.1,NP_190929.1 RAB GTPase homolog 8 [Arabidopsis thaliana]
Rab2,Rab2_hmm1.afaa,Arabidopsis_thaliana.faa,hmmsearch 3.3,-,25,2.80E-62,77,102,NP_850696.1,NP_850696.1 RAB GTPase homolog 8 [Arabidopsis thaliana]
Rab2,Rab2_hmm1.afaa,Arabidopsis_thaliana.faa,hmmsearch 3.3,-,26,3.50E-62,77,102,NP_001078248.1,NP_001078248.1 RAB GTPase homolog 8A [Arabidopsis thaliana]
Rab2,Rab2_hmm1.afaa,Arabidopsis_thaliana.faa,hmmsearch 3.3,-,27,3.50E-62,77,102,NP_001118780.1,NP_001118780.1 RAB GTPase homolog 8A [Arabidopsis thaliana]
Rab2,Rab2_hmm1.afaa,Arabidopsis_thaliana.faa,hmmsearch 3.3,-,28,3.50E-62,77,102,NP_190192.1,NP_190192.1 RAB GTPase homolog 8A [Arabidopsis thaliana]
Rab2,Rab2_hmm1.afaa,Arabidopsis_thaliana.faa,hmmsearch 3.3,-,29,1.40E-61,78,103,NP_172434.1,NP_172434.1 RAB GTPase 11C [Arabidopsis thaliana]
Rab2,Rab2_hmm1.afaa,Arabidopsis_thaliana.faa,hmmsearch 3.3,-,30,2.70E-61,78,96,NP_193486.1,NP_193486.1 RAB GTPase homolog 1C [Arabidopsis thaliana]
Rab2,Rab2_hmm1.afaa,Arabidopsis_thaliana.faa,hmmsearch 3.3,-,31,3.10E-61,78,107,NP_201330.1,NP_201330.1 RAB GTPase homolog A4A [Arabidopsis thaliana]
Rab2,Rab2_hmm1.afaa,Arabidopsis_thaliana.faa,hmmsearch 3.3,-,32,3.90E-61,78,101,NP_193615.1,NP_193615.1 RAB GTPase homolog A1D [Arabidopsis thaliana]
Rab2,Rab2_hmm1.afaa,Arabidopsis_thaliana.faa,hmmsearch 3.3,-,33,6.30E-61,79,96,NP_171715.1,NP_171715.1 RAS 5 [Arabidopsis thaliana]
Rab2,Rab2_hmm1.afaa,Arabidopsis_thaliana.faa,hmmsearch 3.3,-,34,9.80E-60,80,97,NP_187779.1,NP_187779.1 Ras-related small GTP-binding family protein [Arabidopsis thaliana]
Rab2,Rab2_hmm1.afaa,Arabidopsis_thaliana.faa,hmmsearch 3.3,-,35,1.10E-59,80,103,NP_187397.1,NP_187397.1 RAB GTPase homolog A5B [Arabidopsis thaliana]
Rab2,Rab2_hmm1.afaa,Arabidopsis_thaliana.faa,hmmsearch 3.3,-,36,1.10E-59,80,96,NP_568678.1,NP_568678.1 RAB GTPase homolog 1A [Arabidopsis thaliana]
Rab2,Rab2_hmm1.afaa,Arabidopsis_thaliana.faa,hmmsearch 3.3,-,37,4.90E-59,81,101,NP_181842.1,NP_181842.1 P-loop containing nucleoside triphosphate hydrolases superfamily protein [Arabidopsis thali
Rab2,Rab2_hmm1.afaa,Arabidopsis_thaliana.faa,hmmsearch 3.3,-,38,5.80E-58,82,103,NP_001318930.1,NP_001318930.1 Rab GTPase-like A5A protein [Arabidopsis thaliana]
Rab2,Rab2_hmm1.afaa,Arabidopsis_thaliana.faa,hmmsearch 3.3,-,39,9.10E-58,82,104,NP_180726.1,NP_180726.1 RAB GTPase homolog A5D [Arabidopsis thaliana]
Rab2,Rab2_hmm1.afaa,Arabidopsis_thaliana.faa,hmmsearch 3.3,-,40,1.10E-57,82,125,NP_563750.3,NP_563750.3 Rab GTPase-like A5A protein [Arabidopsis thaliana]
Rab2,Rab2_hmm1.afaa,Arabidopsis_thaliana.faa,hmmsearch 3.3,-,41,1.30E-57,82,105,NP_199563.1,NP_199563.1 RAB GTPase homolog A5A [Arabidopsis thaliana]
Rab2,Rab2_hmm1.afaa,Arabidopsis_thaliana.faa,hmmsearch 3.3,-,42,1.90E-55,84,110,NP_177505.1,NP_177505.1 RAB GTPase homolog A6A [Arabidopsis thaliana]
Rab2,Rab2_hmm1.afaa,Arabidopsis_thaliana.faa,hmmsearch 3.3,-,43,6.50E-55,85,109,NP_173258.2,NP_173258.2 Rab GTPase-like A1I protein [Arabidopsis thaliana]
Rab2,Rab2_hmm1.afaa,Arabidopsis_thaliana.faa,hmmsearch 3.3,-,44,4.10E-54,85,112,NP_171628.2,NP_171628.2 RAB GTPase homolog A3 [Arabidopsis thaliana]
Rab2,Rab2_hmm1.afaa,Arabidopsis_thaliana.faa,hmmsearch 3.3,-,45,8.30E-53,87,100,NP_001077675.1,NP_001077675.1 RAB GTPASE HOMOLOG B18 [Arabidopsis thaliana]
Rab2,Rab2_hmm1.afaa,Arabidopsis_thaliana.faa,hmmsearch 3.3,-,46,8.30E-53,87,100,NP_001117435.1,NP_001117435.1 RAB GTPASE HOMOLOG B18 [Arabidopsis thaliana]
Rab2,Rab2_hmm1.afaa,Arabidopsis_thaliana.faa,hmmsearch 3.3,-,47,8.30E-53,87,100,NP_175056.1,NP_175056.1 RAB GTPASE HOMOLOG B18 [Arabidopsis thaliana]
Rab2,Rab2_hmm1.afaa,Arabidopsis_thaliana.faa,hmmsearch 3.3,-,48,3.20E-48,91,100,NP_001332165.1,NP_001332165.1 RAB GTPase homolog C2A [Arabidopsis thaliana]
Rab2,Rab2_hmm1.afaa,Arabidopsis_thaliana.faa,hmmsearch 3.3,-,49,3.20E-48,91,100,NP_568121.1,NP_568121.1 RAB GTPase homolog C2A [Arabidopsis thaliana]
Rab2,Rab2_hmm1.afaa,Arabidopsis_thaliana.faa,hmmsearch 3.3,-,50,4.10E-48,91,79,NP_001330077.1,NP_001330077.1 RAB GTPase homolog A2D [Arabidopsis thaliana]