Query Title,Query File,Database File,Search Method,Positive/redundant (+) or negative (-) hit for queries with query title (edit this column),Hit Number,E-value,Order of magnitude of E-value difference compared to top hit,Length as percent of top hit sequence length,Accession,Description,
AP1beta,AP1beta_Rirregularis_XP_025178476.1_query.faa,Rhizophagus_irregularis.faa,blastp 2.9.0+,+,1,0,0,100,XP_025178476.1,"adaptor protein complex beta subunit [Rhizophagus irregularis DAOM 181602=DAOM 197198] XP_025178476.1 adaptor protein complex beta subunit [Rhizophagus irregularis DAOM 181602=DAOM 197198]""",
AP1beta,AP1beta_Rirregularis_XP_025178476.1_query.faa,Rhizophagus_irregularis.faa,blastp 2.9.0+,+,2,0,0,93,XP_025182356.1,"putative beta-adaptin [Rhizophagus irregularis DAOM 181602=DAOM 197198] XP_025182356.1 putative beta-adaptin [Rhizophagus irregularis DAOM 181602=DAOM 197198]""",
AP1beta,AP1beta_Rirregularis_XP_025178476.1_query.faa,Rhizophagus_irregularis.faa,blastp 2.9.0+,-,3,4.26E-78,223,120,XP_025173006.1,"hypothetical protein GLOIN_2v1659682 [Rhizophagus irregularis DAOM 181602=DAOM 197198] XP_025173006.1 hypothetical protein GLOIN_2v1659682 [Rhizophagus irregularis DAOM 181602=DAOM 197198]""",
AP1beta,AP1beta_Rirregularis_XP_025178476.1_query.faa,Rhizophagus_irregularis.faa,blastp 2.9.0+,-,4,2.42E-67,233,111,XP_025167196.1,"armadillo-type protein [Rhizophagus irregularis DAOM 181602=DAOM 197198] XP_025167196.1 armadillo-type protein [Rhizophagus irregularis DAOM 181602=DAOM 197198]""",
AP1beta,AP1beta_Rirregularis_XP_025178476.1_query.faa,Rhizophagus_irregularis.faa,blastp 2.9.0+,-,5,2.98E-15,285,125,XP_025180406.1,"gamma-adaptin [Rhizophagus irregularis DAOM 181602=DAOM 197198] XP_025180406.1 gamma-adaptin [Rhizophagus irregularis DAOM 181602=DAOM 197198]""",
AP1beta,AP1beta_Rirregularis_XP_025178476.1_query.faa,Rhizophagus_irregularis.faa,blastp 2.9.0+,-,6,1.24E-10,290,137,XP_025178089.1,"putative SEC26-coatomer complex beta chain [Rhizophagus irregularis DAOM 181602=DAOM 197198] XP_025178089.1 putative SEC26-coatomer complex beta chain [Rhizophagus irregularis DAOM 181602=DAOM 197198]""",
AP1beta,AP1beta_Rirregularis_XP_025178476.1_query.faa,Rhizophagus_irregularis.faa,blastp 2.9.0+,-,7,1.94E-09,291,180,XP_025171449.1,"hypothetical protein GLOIN_2v1673472 [Rhizophagus irregularis DAOM 181602=DAOM 197198] XP_025171449.1 hypothetical protein GLOIN_2v1673472 [Rhizophagus irregularis DAOM 181602=DAOM 197198]""",
AP1beta,AP1beta_Rirregularis_XP_025178476.1_query.faa,Rhizophagus_irregularis.faa,blastp 2.9.0+,-,8,6.32E-06,295,135,XP_025184295.1,"coatomer subunit gamma [Rhizophagus irregularis DAOM 181602=DAOM 197198] XP_025184295.1 coatomer subunit gamma [Rhizophagus irregularis DAOM 181602=DAOM 197198]""",
AP1beta,AP1beta_Rirregularis_XP_025178476.1_query.faa,Rhizophagus_irregularis.faa,blastp 2.9.0+,-,9,0.000330925,297,135,XP_025185160.1,"Adaptor protein complex AP-2 alpha subunit [Rhizophagus irregularis DAOM 181602=DAOM 197198] XP_025185160.1 Adaptor protein complex AP-2 alpha subunit [Rhizophagus irregularis DAOM 181602=DAOM 197198]""",
AP1gamma,AP1gamma_Rirregularis_XP_025180406.1_query.faa,Rhizophagus_irregularis.faa,blastp 2.9.0+,+,1,0,0,100,XP_025180406.1,"gamma-adaptin [Rhizophagus irregularis DAOM 181602=DAOM 197198] XP_025180406.1 gamma-adaptin [Rhizophagus irregularis DAOM 181602=DAOM 197198]""",
AP1gamma,AP1gamma_Rirregularis_XP_025180406.1_query.faa,Rhizophagus_irregularis.faa,blastp 2.9.0+,-,2,4.18E-80,221,108,XP_025185160.1,"Adaptor protein complex AP-2 alpha subunit [Rhizophagus irregularis DAOM 181602=DAOM 197198] XP_025185160.1 Adaptor protein complex AP-2 alpha subunit [Rhizophagus irregularis DAOM 181602=DAOM 197198]""",
AP1gamma,AP1gamma_Rirregularis_XP_025180406.1_query.faa,Rhizophagus_irregularis.faa,blastp 2.9.0+,-,3,1.12E-45,255,144,XP_025171449.1,"hypothetical protein GLOIN_2v1673472 [Rhizophagus irregularis DAOM 181602=DAOM 197198] XP_025171449.1 hypothetical protein GLOIN_2v1673472 [Rhizophagus irregularis DAOM 181602=DAOM 197198]""",
AP1gamma,AP1gamma_Rirregularis_XP_025180406.1_query.faa,Rhizophagus_irregularis.faa,blastp 2.9.0+,-,4,3.73E-42,259,119,XP_025176105.1,"armadillo-type protein [Rhizophagus irregularis DAOM 181602=DAOM 197198] XP_025176105.1 armadillo-type protein [Rhizophagus irregularis DAOM 181602=DAOM 197198]""",
AP1gamma,AP1gamma_Rirregularis_XP_025180406.1_query.faa,Rhizophagus_irregularis.faa,blastp 2.9.0+,-,5,2.35E-15,285,80,XP_025178476.1,"adaptor protein complex beta subunit [Rhizophagus irregularis DAOM 181602=DAOM 197198] XP_025178476.1 adaptor protein complex beta subunit [Rhizophagus irregularis DAOM 181602=DAOM 197198]""",
AP1gamma,AP1gamma_Rirregularis_XP_025180406.1_query.faa,Rhizophagus_irregularis.faa,blastp 2.9.0+,-,6,7.31E-10,291,109,XP_025178089.1,"putative SEC26-coatomer complex beta chain [Rhizophagus irregularis DAOM 181602=DAOM 197198] XP_025178089.1 putative SEC26-coatomer complex beta chain [Rhizophagus irregularis DAOM 181602=DAOM 197198]""",
AP1gamma,AP1gamma_Rirregularis_XP_025180406.1_query.faa,Rhizophagus_irregularis.faa,blastp 2.9.0+,-,7,1.68E-06,294,75,XP_025182356.1,"putative beta-adaptin [Rhizophagus irregularis DAOM 181602=DAOM 197198] XP_025182356.1 putative beta-adaptin [Rhizophagus irregularis DAOM 181602=DAOM 197198]""",
AP1gamma,AP1gamma_Rirregularis_XP_025180406.1_query.faa,Rhizophagus_irregularis.faa,blastp 2.9.0+,-,8,6.23E-05,296,89,XP_025167196.1,"armadillo-type protein [Rhizophagus irregularis DAOM 181602=DAOM 197198] XP_025167196.1 armadillo-type protein [Rhizophagus irregularis DAOM 181602=DAOM 197198]""",
AP1gamma,AP1gamma_Rirregularis_XP_025180406.1_query.faa,Rhizophagus_irregularis.faa,blastp 2.9.0+,-,9,0.0013734,297,108,XP_025184295.1,"coatomer subunit gamma [Rhizophagus irregularis DAOM 181602=DAOM 197198] XP_025184295.1 coatomer subunit gamma [Rhizophagus irregularis DAOM 181602=DAOM 197198]""",
AP1mu,AP1mu_Rirregularis_XP_025177352.1_query.faa,Rhizophagus_irregularis.faa,blastp 2.9.0+,+,1,0,0,100,XP_025177352.1,"AP-1 adaptor complex subunit mu, putative [Rhizophagus irregularis DAOM 181602=DAOM 197198] XP_025177352.1 AP-1 adaptor complex subunit mu"," putative [Rhizophagus irregularis DAOM 181602=DAOM 197198]"""
AP1mu,AP1mu_Rirregularis_XP_025177352.1_query.faa,Rhizophagus_irregularis.faa,blastp 2.9.0+,-,2,2.28E-128,172,101,XP_025168352.1,"clathrin adaptor mu subunit [Rhizophagus irregularis DAOM 181602=DAOM 197198] XP_025168352.1 clathrin adaptor mu subunit [Rhizophagus irregularis DAOM 181602=DAOM 197198]""",
AP1mu,AP1mu_Rirregularis_XP_025177352.1_query.faa,Rhizophagus_irregularis.faa,blastp 2.9.0+,-,3,5.00E-66,235,95,XP_025177884.1,"adaptor-related protein complex 3 mu 1 subunit-like protein [Rhizophagus irregularis DAOM 181602=DAOM 197198] XP_025177884.1 adaptor-related protein complex 3 mu 1 subunit-like protein [Rhizophagus irregularis DAOM 181602=DAOM 197198]""",
AP1mu,AP1mu_Rirregularis_XP_025177352.1_query.faa,Rhizophagus_irregularis.faa,blastp 2.9.0+,-,4,1.64E-54,246,103,XP_025175475.1,"Adaptor complexes medium subunit family protein [Rhizophagus irregularis DAOM 181602=DAOM 197198] XP_025175475.1 Adaptor complexes medium subunit family protein [Rhizophagus irregularis DAOM 181602=DAOM 197198]""",
AP1mu,AP1mu_Rirregularis_XP_025177352.1_query.faa,Rhizophagus_irregularis.faa,blastp 2.9.0+,-,5,1.77E-06,294,118,XP_025186311.1,"hypothetical protein GLOIN_2v1449624, partial [Rhizophagus irregularis DAOM 181602=DAOM 197198] XP_025186311.1 hypothetical protein GLOIN_2v1449624"," partial [Rhizophagus irregularis DAOM 181602=DAOM 197198]"""
AP1mu,AP1mu_Rirregularis_XP_025177352.1_query.faa,Rhizophagus_irregularis.faa,blastp 2.9.0+,-,6,0.0285255,298,33,XP_025170073.1,"AP complex, mu/sigma subunit [Rhizophagus irregularis DAOM 181602=DAOM 197198] XP_025170073.1 AP complex"," mu/sigma subunit [Rhizophagus irregularis DAOM 181602=DAOM 197198]"""
AP1sigma,AP1sigma_Rirregularis_XP_025175476.1_query.faa,Rhizophagus_irregularis.faa,blastp 2.9.0+,+,1,3.22E-113,0,100,XP_025175476.1,"hypothetical protein GLOIN_2v1635315 [Rhizophagus irregularis DAOM 181602=DAOM 197198] XP_025175476.1 hypothetical protein GLOIN_2v1635315 [Rhizophagus irregularis DAOM 181602=DAOM 197198]""",
AP1sigma,AP1sigma_Rirregularis_XP_025175476.1_query.faa,Rhizophagus_irregularis.faa,blastp 2.9.0+,-,2,2.39E-52,61,101,XP_025169492.1,"clathrin coat assembly protein ap19 [Rhizophagus irregularis DAOM 181602=DAOM 197198] XP_025169492.1 clathrin coat assembly protein ap19 [Rhizophagus irregularis DAOM 181602=DAOM 197198]""",
AP1sigma,AP1sigma_Rirregularis_XP_025175476.1_query.faa,Rhizophagus_irregularis.faa,blastp 2.9.0+,-,3,1.05E-46,67,92,XP_025170073.1,"AP complex, mu/sigma subunit [Rhizophagus irregularis DAOM 181602=DAOM 197198] XP_025170073.1 AP complex"," mu/sigma subunit [Rhizophagus irregularis DAOM 181602=DAOM 197198]"""
AP1sigma,AP1sigma_Rirregularis_XP_025175476.1_query.faa,Rhizophagus_irregularis.faa,blastp 2.9.0+,-,4,3.32E-37,76,93,XP_025183263.1,"clathrin adaptor complex, small subunit [Rhizophagus irregularis DAOM 181602=DAOM 197198] XP_025183263.1 clathrin adaptor complex"," small subunit [Rhizophagus irregularis DAOM 181602=DAOM 197198]"""
AP1sigma,AP1sigma_Rirregularis_XP_025175476.1_query.faa,Rhizophagus_irregularis.faa,blastp 2.9.0+,-,5,1.30E-28,85,131,XP_025179253.1,"adaptor-related protein complex 3 sigma 1 subunit-like protein [Rhizophagus irregularis DAOM 181602=DAOM 197198] XP_025179253.1 adaptor-related protein complex 3 sigma 1 subunit-like protein [Rhizophagus irregularis DAOM 181602=DAOM 197198]""",
AP1sigma,AP1sigma_Rirregularis_XP_025175476.1_query.faa,Rhizophagus_irregularis.faa,blastp 2.9.0+,-,6,3.74E-07,106,268,XP_025177884.1,"adaptor-related protein complex 3 mu 1 subunit-like protein [Rhizophagus irregularis DAOM 181602=DAOM 197198] XP_025177884.1 adaptor-related protein complex 3 mu 1 subunit-like protein [Rhizophagus irregularis DAOM 181602=DAOM 197198]""",
AP1sigma,AP1sigma_Rirregularis_XP_025175476.1_query.faa,Rhizophagus_irregularis.faa,blastp 2.9.0+,-,7,0.00196028,110,116,XP_025179265.1,"putative RET3-coatomer complex zeta chain [Rhizophagus irregularis DAOM 181602=DAOM 197198] XP_025179265.1 putative RET3-coatomer complex zeta chain [Rhizophagus irregularis DAOM 181602=DAOM 197198]""",
AP1sigma,AP1sigma_Rirregularis_XP_025175476.1_query.faa,Rhizophagus_irregularis.faa,blastp 2.9.0+,-,8,0.0206195,111,281,XP_025177352.1,"AP-1 adaptor complex subunit mu, putative [Rhizophagus irregularis DAOM 181602=DAOM 197198] XP_025177352.1 AP-1 adaptor complex subunit mu"," putative [Rhizophagus irregularis DAOM 181602=DAOM 197198]"""
AP1sigma,AP1sigma_Rirregularis_XP_025175476.1_query.faa,Rhizophagus_irregularis.faa,blastp 2.9.0+,-,9,0.0360189,111,290,XP_025167010.1,"hypothetical protein GLOIN_2v1788250 [Rhizophagus irregularis DAOM 181602=DAOM 197198] XP_025167010.1 hypothetical protein GLOIN_2v1788250 [Rhizophagus irregularis DAOM 181602=DAOM 197198]""",
AP2alpha,AP2alpha_Rirregularis_XP_025185160.1_query.faa,Rhizophagus_irregularis.faa,blastp 2.9.0+,+,1,0,0,100,XP_025185160.1,"Adaptor protein complex AP-2 alpha subunit [Rhizophagus irregularis DAOM 181602=DAOM 197198] XP_025185160.1 Adaptor protein complex AP-2 alpha subunit [Rhizophagus irregularis DAOM 181602=DAOM 197198]""",
AP2alpha,AP2alpha_Rirregularis_XP_025185160.1_query.faa,Rhizophagus_irregularis.faa,blastp 2.9.0+,-,2,4.68E-80,221,93,XP_025180406.1,"gamma-adaptin [Rhizophagus irregularis DAOM 181602=DAOM 197198] XP_025180406.1 gamma-adaptin [Rhizophagus irregularis DAOM 181602=DAOM 197198]""",
AP2alpha,AP2alpha_Rirregularis_XP_025185160.1_query.faa,Rhizophagus_irregularis.faa,blastp 2.9.0+,-,3,6.08E-50,251,111,XP_025176105.1,"armadillo-type protein [Rhizophagus irregularis DAOM 181602=DAOM 197198] XP_025176105.1 armadillo-type protein [Rhizophagus irregularis DAOM 181602=DAOM 197198]""",
AP2alpha,AP2alpha_Rirregularis_XP_025185160.1_query.faa,Rhizophagus_irregularis.faa,blastp 2.9.0+,-,4,9.42E-33,268,134,XP_025171449.1,"hypothetical protein GLOIN_2v1673472 [Rhizophagus irregularis DAOM 181602=DAOM 197198] XP_025171449.1 hypothetical protein GLOIN_2v1673472 [Rhizophagus irregularis DAOM 181602=DAOM 197198]""",
AP2alpha,AP2alpha_Rirregularis_XP_025185160.1_query.faa,Rhizophagus_irregularis.faa,blastp 2.9.0+,-,5,6.21E-05,296,83,XP_025167196.1,"armadillo-type protein [Rhizophagus irregularis DAOM 181602=DAOM 197198] XP_025167196.1 armadillo-type protein [Rhizophagus irregularis DAOM 181602=DAOM 197198]""",
AP2alpha,AP2alpha_Rirregularis_XP_025185160.1_query.faa,Rhizophagus_irregularis.faa,blastp 2.9.0+,-,6,0.00043814,297,74,XP_025178476.1,"adaptor protein complex beta subunit [Rhizophagus irregularis DAOM 181602=DAOM 197198] XP_025178476.1 adaptor protein complex beta subunit [Rhizophagus irregularis DAOM 181602=DAOM 197198]""",
AP2beta,AP2beta_Rirregularis_XP_025182356.1_query.faa,Rhizophagus_irregularis.faa,blastp 2.9.0+,+,1,0,0,100,XP_025182356.1,"putative beta-adaptin [Rhizophagus irregularis DAOM 181602=DAOM 197198] XP_025182356.1 putative beta-adaptin [Rhizophagus irregularis DAOM 181602=DAOM 197198]""",
AP2beta,AP2beta_Rirregularis_XP_025182356.1_query.faa,Rhizophagus_irregularis.faa,blastp 2.9.0+,+,2,0,0,107,XP_025178476.1,"adaptor protein complex beta subunit [Rhizophagus irregularis DAOM 181602=DAOM 197198] XP_025178476.1 adaptor protein complex beta subunit [Rhizophagus irregularis DAOM 181602=DAOM 197198]""",
AP2beta,AP2beta_Rirregularis_XP_025182356.1_query.faa,Rhizophagus_irregularis.faa,blastp 2.9.0+,-,3,2.62E-67,233,129,XP_025173006.1,"hypothetical protein GLOIN_2v1659682 [Rhizophagus irregularis DAOM 181602=DAOM 197198] XP_025173006.1 hypothetical protein GLOIN_2v1659682 [Rhizophagus irregularis DAOM 181602=DAOM 197198]""",
AP2beta,AP2beta_Rirregularis_XP_025182356.1_query.faa,Rhizophagus_irregularis.faa,blastp 2.9.0+,-,4,6.30E-67,234,119,XP_025167196.1,"armadillo-type protein [Rhizophagus irregularis DAOM 181602=DAOM 197198] XP_025167196.1 armadillo-type protein [Rhizophagus irregularis DAOM 181602=DAOM 197198]""",
AP2beta,AP2beta_Rirregularis_XP_025182356.1_query.faa,Rhizophagus_irregularis.faa,blastp 2.9.0+,-,5,2.90E-07,293,193,XP_025171449.1,"hypothetical protein GLOIN_2v1673472 [Rhizophagus irregularis DAOM 181602=DAOM 197198] XP_025171449.1 hypothetical protein GLOIN_2v1673472 [Rhizophagus irregularis DAOM 181602=DAOM 197198]""",
AP2beta,AP2beta_Rirregularis_XP_025182356.1_query.faa,Rhizophagus_irregularis.faa,blastp 2.9.0+,-,6,2.11E-06,294,134,XP_025180406.1,"gamma-adaptin [Rhizophagus irregularis DAOM 181602=DAOM 197198] XP_025180406.1 gamma-adaptin [Rhizophagus irregularis DAOM 181602=DAOM 197198]""",
AP2beta,AP2beta_Rirregularis_XP_025182356.1_query.faa,Rhizophagus_irregularis.faa,blastp 2.9.0+,-,7,3.51E-06,295,147,XP_025178089.1,"putative SEC26-coatomer complex beta chain [Rhizophagus irregularis DAOM 181602=DAOM 197198] XP_025178089.1 putative SEC26-coatomer complex beta chain [Rhizophagus irregularis DAOM 181602=DAOM 197198]""",
AP2beta,AP2beta_Rirregularis_XP_025182356.1_query.faa,Rhizophagus_irregularis.faa,blastp 2.9.0+,-,8,0.0005695,297,145,XP_025184295.1,"coatomer subunit gamma [Rhizophagus irregularis DAOM 181602=DAOM 197198] XP_025184295.1 coatomer subunit gamma [Rhizophagus irregularis DAOM 181602=DAOM 197198]""",
AP2beta,AP2beta_Rirregularis_XP_025182356.1_query.faa,Rhizophagus_irregularis.faa,blastp 2.9.0+,-,9,0.0146879,298,144,XP_025185160.1,"Adaptor protein complex AP-2 alpha subunit [Rhizophagus irregularis DAOM 181602=DAOM 197198] XP_025185160.1 Adaptor protein complex AP-2 alpha subunit [Rhizophagus irregularis DAOM 181602=DAOM 197198]""",
AP2mu,AP2mu_Rirregularis_XP_025168352.1_query.faa,Rhizophagus_irregularis.faa,blastp 2.9.0+,+,1,0,0,100,XP_025168352.1,"clathrin adaptor mu subunit [Rhizophagus irregularis DAOM 181602=DAOM 197198] XP_025168352.1 clathrin adaptor mu subunit [Rhizophagus irregularis DAOM 181602=DAOM 197198]""",
AP2mu,AP2mu_Rirregularis_XP_025168352.1_query.faa,Rhizophagus_irregularis.faa,blastp 2.9.0+,-,2,2.30E-128,172,99,XP_025177352.1,"AP-1 adaptor complex subunit mu, putative [Rhizophagus irregularis DAOM 181602=DAOM 197198] XP_025177352.1 AP-1 adaptor complex subunit mu"," putative [Rhizophagus irregularis DAOM 181602=DAOM 197198]"""
AP2mu,AP2mu_Rirregularis_XP_025168352.1_query.faa,Rhizophagus_irregularis.faa,blastp 2.9.0+,-,3,5.54E-65,236,95,XP_025177884.1,"adaptor-related protein complex 3 mu 1 subunit-like protein [Rhizophagus irregularis DAOM 181602=DAOM 197198] XP_025177884.1 adaptor-related protein complex 3 mu 1 subunit-like protein [Rhizophagus irregularis DAOM 181602=DAOM 197198]""",
AP2mu,AP2mu_Rirregularis_XP_025168352.1_query.faa,Rhizophagus_irregularis.faa,blastp 2.9.0+,-,4,6.28E-61,240,102,XP_025175475.1,"Adaptor complexes medium subunit family protein [Rhizophagus irregularis DAOM 181602=DAOM 197198] XP_025175475.1 Adaptor complexes medium subunit family protein [Rhizophagus irregularis DAOM 181602=DAOM 197198]""",
AP2mu,AP2mu_Rirregularis_XP_025168352.1_query.faa,Rhizophagus_irregularis.faa,blastp 2.9.0+,-,5,0.0208492,298,33,XP_025170073.1,"AP complex, mu/sigma subunit [Rhizophagus irregularis DAOM 181602=DAOM 197198] XP_025170073.1 AP complex"," mu/sigma subunit [Rhizophagus irregularis DAOM 181602=DAOM 197198]"""
AP2sigma,AP2sigma_Rirregularis_XP_025170073.1_query.faa,Rhizophagus_irregularis.faa,blastp 2.9.0+,+,1,1.18E-103,0,100,XP_025170073.1,"AP complex, mu/sigma subunit [Rhizophagus irregularis DAOM 181602=DAOM 197198] XP_025170073.1 AP complex"," mu/sigma subunit [Rhizophagus irregularis DAOM 181602=DAOM 197198]"""
AP2sigma,AP2sigma_Rirregularis_XP_025170073.1_query.faa,Rhizophagus_irregularis.faa,blastp 2.9.0+,-,2,9.68E-47,57,108,XP_025175476.1,"hypothetical protein GLOIN_2v1635315 [Rhizophagus irregularis DAOM 181602=DAOM 197198] XP_025175476.1 hypothetical protein GLOIN_2v1635315 [Rhizophagus irregularis DAOM 181602=DAOM 197198]""",
AP2sigma,AP2sigma_Rirregularis_XP_025170073.1_query.faa,Rhizophagus_irregularis.faa,blastp 2.9.0+,-,3,2.81E-38,65,101,XP_025183263.1,"clathrin adaptor complex, small subunit [Rhizophagus irregularis DAOM 181602=DAOM 197198] XP_025183263.1 clathrin adaptor complex"," small subunit [Rhizophagus irregularis DAOM 181602=DAOM 197198]"""
AP2sigma,AP2sigma_Rirregularis_XP_025170073.1_query.faa,Rhizophagus_irregularis.faa,blastp 2.9.0+,-,4,1.49E-35,68,109,XP_025169492.1,"clathrin coat assembly protein ap19 [Rhizophagus irregularis DAOM 181602=DAOM 197198] XP_025169492.1 clathrin coat assembly protein ap19 [Rhizophagus irregularis DAOM 181602=DAOM 197198]""",
AP2sigma,AP2sigma_Rirregularis_XP_025170073.1_query.faa,Rhizophagus_irregularis.faa,blastp 2.9.0+,-,5,1.36E-22,81,142,XP_025179253.1,"adaptor-related protein complex 3 sigma 1 subunit-like protein [Rhizophagus irregularis DAOM 181602=DAOM 197198] XP_025179253.1 adaptor-related protein complex 3 sigma 1 subunit-like protein [Rhizophagus irregularis DAOM 181602=DAOM 197198]""",
AP2sigma,AP2sigma_Rirregularis_XP_025170073.1_query.faa,Rhizophagus_irregularis.faa,blastp 2.9.0+,-,6,1.48E-05,98,291,XP_025177884.1,"adaptor-related protein complex 3 mu 1 subunit-like protein [Rhizophagus irregularis DAOM 181602=DAOM 197198] XP_025177884.1 adaptor-related protein complex 3 mu 1 subunit-like protein [Rhizophagus irregularis DAOM 181602=DAOM 197198]""",
AP2sigma,AP2sigma_Rirregularis_XP_025170073.1_query.faa,Rhizophagus_irregularis.faa,blastp 2.9.0+,-,7,6.02E-05,99,126,XP_025179265.1,"putative RET3-coatomer complex zeta chain [Rhizophagus irregularis DAOM 181602=DAOM 197198] XP_025179265.1 putative RET3-coatomer complex zeta chain [Rhizophagus irregularis DAOM 181602=DAOM 197198]""",
AP2sigma,AP2sigma_Rirregularis_XP_025170073.1_query.faa,Rhizophagus_irregularis.faa,blastp 2.9.0+,-,8,0.00679141,101,307,XP_025168352.1,"clathrin adaptor mu subunit [Rhizophagus irregularis DAOM 181602=DAOM 197198] XP_025168352.1 clathrin adaptor mu subunit [Rhizophagus irregularis DAOM 181602=DAOM 197198]""",
AP2sigma,AP2sigma_Rirregularis_XP_025170073.1_query.faa,Rhizophagus_irregularis.faa,blastp 2.9.0+,-,9,0.00935583,101,305,XP_025177352.1,"AP-1 adaptor complex subunit mu, putative [Rhizophagus irregularis DAOM 181602=DAOM 197198] XP_025177352.1 AP-1 adaptor complex subunit mu"," putative [Rhizophagus irregularis DAOM 181602=DAOM 197198]"""
AP3beta,AP3beta_Rirregularis_XP_025173006.1_query.faa,Rhizophagus_irregularis.faa,blastp 2.9.0+,+,1,0,0,100,XP_025173006.1,"hypothetical protein GLOIN_2v1659682 [Rhizophagus irregularis DAOM 181602=DAOM 197198] XP_025173006.1 hypothetical protein GLOIN_2v1659682 [Rhizophagus irregularis DAOM 181602=DAOM 197198]""",
AP3beta,AP3beta_Rirregularis_XP_025173006.1_query.faa,Rhizophagus_irregularis.faa,blastp 2.9.0+,-,2,2.60E-79,221,83,XP_025178476.1,"adaptor protein complex beta subunit [Rhizophagus irregularis DAOM 181602=DAOM 197198] XP_025178476.1 adaptor protein complex beta subunit [Rhizophagus irregularis DAOM 181602=DAOM 197198]""",
AP3beta,AP3beta_Rirregularis_XP_025173006.1_query.faa,Rhizophagus_irregularis.faa,blastp 2.9.0+,-,3,5.80E-68,233,78,XP_025182356.1,"putative beta-adaptin [Rhizophagus irregularis DAOM 181602=DAOM 197198] XP_025182356.1 putative beta-adaptin [Rhizophagus irregularis DAOM 181602=DAOM 197198]""",
AP3beta,AP3beta_Rirregularis_XP_025173006.1_query.faa,Rhizophagus_irregularis.faa,blastp 2.9.0+,-,4,1.08E-38,262,93,XP_025167196.1,"armadillo-type protein [Rhizophagus irregularis DAOM 181602=DAOM 197198] XP_025167196.1 armadillo-type protein [Rhizophagus irregularis DAOM 181602=DAOM 197198]""",
AP3beta,AP3beta_Rirregularis_XP_025173006.1_query.faa,Rhizophagus_irregularis.faa,blastp 2.9.0+,-,5,7.84E-07,294,114,XP_025178089.1,"putative SEC26-coatomer complex beta chain [Rhizophagus irregularis DAOM 181602=DAOM 197198] XP_025178089.1 putative SEC26-coatomer complex beta chain [Rhizophagus irregularis DAOM 181602=DAOM 197198]""",
AP3beta,AP3beta_Rirregularis_XP_025173006.1_query.faa,Rhizophagus_irregularis.faa,blastp 2.9.0+,-,6,0.0039741,298,22,XP_025189623.1,"hypothetical protein GLOIN_2v1867104 [Rhizophagus irregularis DAOM 181602=DAOM 197198] XP_025189623.1 hypothetical protein GLOIN_2v1867104 [Rhizophagus irregularis DAOM 181602=DAOM 197198]""",
AP3delta,AP3delta_Rirregularis_XP_025171449.1_query.faa,Rhizophagus_irregularis.faa,blastp 2.9.0+,+,1,0,0,100,XP_025171449.1,"hypothetical protein GLOIN_2v1673472 [Rhizophagus irregularis DAOM 181602=DAOM 197198] XP_025171449.1 hypothetical protein GLOIN_2v1673472 [Rhizophagus irregularis DAOM 181602=DAOM 197198]""",
AP3delta,AP3delta_Rirregularis_XP_025171449.1_query.faa,Rhizophagus_irregularis.faa,blastp 2.9.0+,-,2,9.11E-45,256,69,XP_025180406.1,"gamma-adaptin [Rhizophagus irregularis DAOM 181602=DAOM 197198] XP_025180406.1 gamma-adaptin [Rhizophagus irregularis DAOM 181602=DAOM 197198]""",
AP3delta,AP3delta_Rirregularis_XP_025171449.1_query.faa,Rhizophagus_irregularis.faa,blastp 2.9.0+,-,3,1.11E-38,262,83,XP_025176105.1,"armadillo-type protein [Rhizophagus irregularis DAOM 181602=DAOM 197198] XP_025176105.1 armadillo-type protein [Rhizophagus irregularis DAOM 181602=DAOM 197198]""",
AP3delta,AP3delta_Rirregularis_XP_025171449.1_query.faa,Rhizophagus_irregularis.faa,blastp 2.9.0+,-,4,3.42E-32,269,75,XP_025185160.1,"Adaptor protein complex AP-2 alpha subunit [Rhizophagus irregularis DAOM 181602=DAOM 197198] XP_025185160.1 Adaptor protein complex AP-2 alpha subunit [Rhizophagus irregularis DAOM 181602=DAOM 197198]""",
AP3delta,AP3delta_Rirregularis_XP_025171449.1_query.faa,Rhizophagus_irregularis.faa,blastp 2.9.0+,-,5,1.19E-08,292,56,XP_025178476.1,"adaptor protein complex beta subunit [Rhizophagus irregularis DAOM 181602=DAOM 197198] XP_025178476.1 adaptor protein complex beta subunit [Rhizophagus irregularis DAOM 181602=DAOM 197198]""",
AP3delta,AP3delta_Rirregularis_XP_025171449.1_query.faa,Rhizophagus_irregularis.faa,blastp 2.9.0+,-,6,3.29E-07,294,62,XP_025167196.1,"armadillo-type protein [Rhizophagus irregularis DAOM 181602=DAOM 197198] XP_025167196.1 armadillo-type protein [Rhizophagus irregularis DAOM 181602=DAOM 197198]""",
AP3delta,AP3delta_Rirregularis_XP_025171449.1_query.faa,Rhizophagus_irregularis.faa,blastp 2.9.0+,-,7,2.21E-05,295,52,XP_025182356.1,"putative beta-adaptin [Rhizophagus irregularis DAOM 181602=DAOM 197198] XP_025182356.1 putative beta-adaptin [Rhizophagus irregularis DAOM 181602=DAOM 197198]""",
AP3delta,AP3delta_Rirregularis_XP_025171449.1_query.faa,Rhizophagus_irregularis.faa,blastp 2.9.0+,-,8,0.00471627,298,76,XP_025178089.1,"putative SEC26-coatomer complex beta chain [Rhizophagus irregularis DAOM 181602=DAOM 197198] XP_025178089.1 putative SEC26-coatomer complex beta chain [Rhizophagus irregularis DAOM 181602=DAOM 197198]""",
AP3mu,AP3mu_Rirregularis_XP_025177884.1_query.faa,Rhizophagus_irregularis.faa,blastp 2.9.0+,+,1,0,0,100,XP_025177884.1,"adaptor-related protein complex 3 mu 1 subunit-like protein [Rhizophagus irregularis DAOM 181602=DAOM 197198] XP_025177884.1 adaptor-related protein complex 3 mu 1 subunit-like protein [Rhizophagus irregularis DAOM 181602=DAOM 197198]""",
AP3mu,AP3mu_Rirregularis_XP_025177884.1_query.faa,Rhizophagus_irregularis.faa,blastp 2.9.0+,-,2,4.77E-66,235,105,XP_025177352.1,"AP-1 adaptor complex subunit mu, putative [Rhizophagus irregularis DAOM 181602=DAOM 197198] XP_025177352.1 AP-1 adaptor complex subunit mu"," putative [Rhizophagus irregularis DAOM 181602=DAOM 197198]"""
AP3mu,AP3mu_Rirregularis_XP_025177884.1_query.faa,Rhizophagus_irregularis.faa,blastp 2.9.0+,-,3,5.25E-65,236,106,XP_025168352.1,"clathrin adaptor mu subunit [Rhizophagus irregularis DAOM 181602=DAOM 197198] XP_025168352.1 clathrin adaptor mu subunit [Rhizophagus irregularis DAOM 181602=DAOM 197198]""",
AP3mu,AP3mu_Rirregularis_XP_025177884.1_query.faa,Rhizophagus_irregularis.faa,blastp 2.9.0+,-,4,5.75E-34,267,108,XP_025175475.1,"Adaptor complexes medium subunit family protein [Rhizophagus irregularis DAOM 181602=DAOM 197198] XP_025175475.1 Adaptor complexes medium subunit family protein [Rhizophagus irregularis DAOM 181602=DAOM 197198]""",
AP3mu,AP3mu_Rirregularis_XP_025177884.1_query.faa,Rhizophagus_irregularis.faa,blastp 2.9.0+,-,5,1.01E-08,292,38,XP_025169492.1,"clathrin coat assembly protein ap19 [Rhizophagus irregularis DAOM 181602=DAOM 197198] XP_025169492.1 clathrin coat assembly protein ap19 [Rhizophagus irregularis DAOM 181602=DAOM 197198]""",
AP3mu,AP3mu_Rirregularis_XP_025177884.1_query.faa,Rhizophagus_irregularis.faa,blastp 2.9.0+,-,6,1.00E-06,294,37,XP_025175476.1,"hypothetical protein GLOIN_2v1635315 [Rhizophagus irregularis DAOM 181602=DAOM 197198] XP_025175476.1 hypothetical protein GLOIN_2v1635315 [Rhizophagus irregularis DAOM 181602=DAOM 197198]""",
AP3mu,AP3mu_Rirregularis_XP_025177884.1_query.faa,Rhizophagus_irregularis.faa,blastp 2.9.0+,-,7,3.47E-05,296,35,XP_025183263.1,"clathrin adaptor complex, small subunit [Rhizophagus irregularis DAOM 181602=DAOM 197198] XP_025183263.1 clathrin adaptor complex"," small subunit [Rhizophagus irregularis DAOM 181602=DAOM 197198]"""
AP3mu,AP3mu_Rirregularis_XP_025177884.1_query.faa,Rhizophagus_irregularis.faa,blastp 2.9.0+,-,8,4.30E-05,296,34,XP_025170073.1,"AP complex, mu/sigma subunit [Rhizophagus irregularis DAOM 181602=DAOM 197198] XP_025170073.1 AP complex"," mu/sigma subunit [Rhizophagus irregularis DAOM 181602=DAOM 197198]"""
AP3sigma,AP3sigma_Rirregularis_XP_025179253.1_query.faa,Rhizophagus_irregularis.faa,blastp 2.9.0+,+,1,1.27E-151,0,100,XP_025179253.1,"adaptor-related protein complex 3 sigma 1 subunit-like protein [Rhizophagus irregularis DAOM 181602=DAOM 197198] XP_025179253.1 adaptor-related protein complex 3 sigma 1 subunit-like protein [Rhizophagus irregularis DAOM 181602=DAOM 197198]""",
AP3sigma,AP3sigma_Rirregularis_XP_025179253.1_query.faa,Rhizophagus_irregularis.faa,blastp 2.9.0+,-,2,1.70E-28,123,76,XP_025175476.1,"hypothetical protein GLOIN_2v1635315 [Rhizophagus irregularis DAOM 181602=DAOM 197198] XP_025175476.1 hypothetical protein GLOIN_2v1635315 [Rhizophagus irregularis DAOM 181602=DAOM 197198]""",
AP3sigma,AP3sigma_Rirregularis_XP_025179253.1_query.faa,Rhizophagus_irregularis.faa,blastp 2.9.0+,-,3,5.92E-23,129,71,XP_025183263.1,"clathrin adaptor complex, small subunit [Rhizophagus irregularis DAOM 181602=DAOM 197198] XP_025183263.1 clathrin adaptor complex"," small subunit [Rhizophagus irregularis DAOM 181602=DAOM 197198]"""
AP3sigma,AP3sigma_Rirregularis_XP_025179253.1_query.faa,Rhizophagus_irregularis.faa,blastp 2.9.0+,-,4,1.93E-22,129,70,XP_025170073.1,"AP complex, mu/sigma subunit [Rhizophagus irregularis DAOM 181602=DAOM 197198] XP_025170073.1 AP complex"," mu/sigma subunit [Rhizophagus irregularis DAOM 181602=DAOM 197198]"""
AP3sigma,AP3sigma_Rirregularis_XP_025179253.1_query.faa,Rhizophagus_irregularis.faa,blastp 2.9.0+,-,5,2.35E-21,130,77,XP_025169492.1,"clathrin coat assembly protein ap19 [Rhizophagus irregularis DAOM 181602=DAOM 197198] XP_025169492.1 clathrin coat assembly protein ap19 [Rhizophagus irregularis DAOM 181602=DAOM 197198]""",
AP4beta,AP4beta_Rirregularis_XP_025167196.1_query.faa,Rhizophagus_irregularis.faa,blastp 2.9.0+,+,1,0,0,100,XP_025167196.1,"armadillo-type protein [Rhizophagus irregularis DAOM 181602=DAOM 197198] XP_025167196.1 armadillo-type protein [Rhizophagus irregularis DAOM 181602=DAOM 197198]""",
AP4beta,AP4beta_Rirregularis_XP_025167196.1_query.faa,Rhizophagus_irregularis.faa,blastp 2.9.0+,-,2,6.82E-70,231,90,XP_025178476.1,"adaptor protein complex beta subunit [Rhizophagus irregularis DAOM 181602=DAOM 197198] XP_025178476.1 adaptor protein complex beta subunit [Rhizophagus irregularis DAOM 181602=DAOM 197198]""",
AP4beta,AP4beta_Rirregularis_XP_025167196.1_query.faa,Rhizophagus_irregularis.faa,blastp 2.9.0+,-,3,1.08E-66,234,84,XP_025182356.1,"putative beta-adaptin [Rhizophagus irregularis DAOM 181602=DAOM 197198] XP_025182356.1 putative beta-adaptin [Rhizophagus irregularis DAOM 181602=DAOM 197198]""",
AP4beta,AP4beta_Rirregularis_XP_025167196.1_query.faa,Rhizophagus_irregularis.faa,blastp 2.9.0+,-,4,1.75E-40,260,108,XP_025173006.1,"hypothetical protein GLOIN_2v1659682 [Rhizophagus irregularis DAOM 181602=DAOM 197198] XP_025173006.1 hypothetical protein GLOIN_2v1659682 [Rhizophagus irregularis DAOM 181602=DAOM 197198]""",
AP4beta,AP4beta_Rirregularis_XP_025167196.1_query.faa,Rhizophagus_irregularis.faa,blastp 2.9.0+,-,5,1.25E-08,292,123,XP_025178089.1,"putative SEC26-coatomer complex beta chain [Rhizophagus irregularis DAOM 181602=DAOM 197198] XP_025178089.1 putative SEC26-coatomer complex beta chain [Rhizophagus irregularis DAOM 181602=DAOM 197198]""",
AP4beta,AP4beta_Rirregularis_XP_025167196.1_query.faa,Rhizophagus_irregularis.faa,blastp 2.9.0+,-,6,2.05E-07,293,162,XP_025171449.1,"hypothetical protein GLOIN_2v1673472 [Rhizophagus irregularis DAOM 181602=DAOM 197198] XP_025171449.1 hypothetical protein GLOIN_2v1673472 [Rhizophagus irregularis DAOM 181602=DAOM 197198]""",
AP4beta,AP4beta_Rirregularis_XP_025167196.1_query.faa,Rhizophagus_irregularis.faa,blastp 2.9.0+,-,7,2.37E-05,295,134,XP_025176105.1,"armadillo-type protein [Rhizophagus irregularis DAOM 181602=DAOM 197198] XP_025176105.1 armadillo-type protein [Rhizophagus irregularis DAOM 181602=DAOM 197198]""",
AP4beta,AP4beta_Rirregularis_XP_025167196.1_query.faa,Rhizophagus_irregularis.faa,blastp 2.9.0+,-,8,5.87E-05,296,121,XP_025185160.1,"Adaptor protein complex AP-2 alpha subunit [Rhizophagus irregularis DAOM 181602=DAOM 197198] XP_025185160.1 Adaptor protein complex AP-2 alpha subunit [Rhizophagus irregularis DAOM 181602=DAOM 197198]""",
AP4beta,AP4beta_Rirregularis_XP_025167196.1_query.faa,Rhizophagus_irregularis.faa,blastp 2.9.0+,-,9,6.29E-05,296,113,XP_025180406.1,"gamma-adaptin [Rhizophagus irregularis DAOM 181602=DAOM 197198] XP_025180406.1 gamma-adaptin [Rhizophagus irregularis DAOM 181602=DAOM 197198]""",
AP4epsilon,AP4epsilon_Rirregularis_XP_025176105.1_query.faa,Rhizophagus_irregularis.faa,blastp 2.9.0+,+,1,0,0,100,XP_025176105.1,"armadillo-type protein [Rhizophagus irregularis DAOM 181602=DAOM 197198] XP_025176105.1 armadillo-type protein [Rhizophagus irregularis DAOM 181602=DAOM 197198]""",
AP4epsilon,AP4epsilon_Rirregularis_XP_025176105.1_query.faa,Rhizophagus_irregularis.faa,blastp 2.9.0+,-,2,4.09E-51,250,90,XP_025185160.1,"Adaptor protein complex AP-2 alpha subunit [Rhizophagus irregularis DAOM 181602=DAOM 197198] XP_025185160.1 Adaptor protein complex AP-2 alpha subunit [Rhizophagus irregularis DAOM 181602=DAOM 197198]""",
AP4epsilon,AP4epsilon_Rirregularis_XP_025176105.1_query.faa,Rhizophagus_irregularis.faa,blastp 2.9.0+,-,3,1.57E-43,257,84,XP_025180406.1,"gamma-adaptin [Rhizophagus irregularis DAOM 181602=DAOM 197198] XP_025180406.1 gamma-adaptin [Rhizophagus irregularis DAOM 181602=DAOM 197198]""",
AP4epsilon,AP4epsilon_Rirregularis_XP_025176105.1_query.faa,Rhizophagus_irregularis.faa,blastp 2.9.0+,-,4,8.36E-39,262,121,XP_025171449.1,"hypothetical protein GLOIN_2v1673472 [Rhizophagus irregularis DAOM 181602=DAOM 197198] XP_025171449.1 hypothetical protein GLOIN_2v1673472 [Rhizophagus irregularis DAOM 181602=DAOM 197198]""",
AP4epsilon,AP4epsilon_Rirregularis_XP_025176105.1_query.faa,Rhizophagus_irregularis.faa,blastp 2.9.0+,-,5,2.75E-05,295,75,XP_025167196.1,"armadillo-type protein [Rhizophagus irregularis DAOM 181602=DAOM 197198] XP_025167196.1 armadillo-type protein [Rhizophagus irregularis DAOM 181602=DAOM 197198]""",
AP4mu,AP4mu_Rirregularis_XP_025175475.1_query.faa,Rhizophagus_irregularis.faa,blastp 2.9.0+,+,1,0,0,100,XP_025175475.1,"Adaptor complexes medium subunit family protein [Rhizophagus irregularis DAOM 181602=DAOM 197198] XP_025175475.1 Adaptor complexes medium subunit family protein [Rhizophagus irregularis DAOM 181602=DAOM 197198]""",
AP4mu,AP4mu_Rirregularis_XP_025175475.1_query.faa,Rhizophagus_irregularis.faa,blastp 2.9.0+,-,2,6.43E-61,240,98,XP_025168352.1,"clathrin adaptor mu subunit [Rhizophagus irregularis DAOM 181602=DAOM 197198] XP_025168352.1 clathrin adaptor mu subunit [Rhizophagus irregularis DAOM 181602=DAOM 197198]""",
AP4mu,AP4mu_Rirregularis_XP_025175475.1_query.faa,Rhizophagus_irregularis.faa,blastp 2.9.0+,-,3,1.69E-54,246,97,XP_025177352.1,"AP-1 adaptor complex subunit mu, putative [Rhizophagus irregularis DAOM 181602=DAOM 197198] XP_025177352.1 AP-1 adaptor complex subunit mu"," putative [Rhizophagus irregularis DAOM 181602=DAOM 197198]"""
AP4mu,AP4mu_Rirregularis_XP_025175475.1_query.faa,Rhizophagus_irregularis.faa,blastp 2.9.0+,-,4,6.20E-34,267,93,XP_025177884.1,"adaptor-related protein complex 3 mu 1 subunit-like protein [Rhizophagus irregularis DAOM 181602=DAOM 197198] XP_025177884.1 adaptor-related protein complex 3 mu 1 subunit-like protein [Rhizophagus irregularis DAOM 181602=DAOM 197198]""",
AP4sigma,AP4sigma_Rirregularis_XP_025183263.1_query.faa,Rhizophagus_irregularis.faa,blastp 2.9.0+,+,1,1.78E-104,0,100,XP_025183263.1,"clathrin adaptor complex, small subunit [Rhizophagus irregularis DAOM 181602=DAOM 197198] XP_025183263.1 clathrin adaptor complex"," small subunit [Rhizophagus irregularis DAOM 181602=DAOM 197198]"""
AP4sigma,AP4sigma_Rirregularis_XP_025183263.1_query.faa,Rhizophagus_irregularis.faa,blastp 2.9.0+,-,2,2.83E-38,66,99,XP_025170073.1,"AP complex, mu/sigma subunit [Rhizophagus irregularis DAOM 181602=DAOM 197198] XP_025170073.1 AP complex"," mu/sigma subunit [Rhizophagus irregularis DAOM 181602=DAOM 197198]"""
AP4sigma,AP4sigma_Rirregularis_XP_025183263.1_query.faa,Rhizophagus_irregularis.faa,blastp 2.9.0+,-,3,3.09E-37,67,108,XP_025175476.1,"hypothetical protein GLOIN_2v1635315 [Rhizophagus irregularis DAOM 181602=DAOM 197198] XP_025175476.1 hypothetical protein GLOIN_2v1635315 [Rhizophagus irregularis DAOM 181602=DAOM 197198]""",
AP4sigma,AP4sigma_Rirregularis_XP_025183263.1_query.faa,Rhizophagus_irregularis.faa,blastp 2.9.0+,-,4,3.02E-28,76,108,XP_025169492.1,"clathrin coat assembly protein ap19 [Rhizophagus irregularis DAOM 181602=DAOM 197198] XP_025169492.1 clathrin coat assembly protein ap19 [Rhizophagus irregularis DAOM 181602=DAOM 197198]""",
AP4sigma,AP4sigma_Rirregularis_XP_025183263.1_query.faa,Rhizophagus_irregularis.faa,blastp 2.9.0+,-,5,4.20E-23,81,141,XP_025179253.1,"adaptor-related protein complex 3 sigma 1 subunit-like protein [Rhizophagus irregularis DAOM 181602=DAOM 197198] XP_025179253.1 adaptor-related protein complex 3 sigma 1 subunit-like protein [Rhizophagus irregularis DAOM 181602=DAOM 197198]""",
AP4sigma,AP4sigma_Rirregularis_XP_025183263.1_query.faa,Rhizophagus_irregularis.faa,blastp 2.9.0+,-,6,1.20E-05,99,289,XP_025177884.1,"adaptor-related protein complex 3 mu 1 subunit-like protein [Rhizophagus irregularis DAOM 181602=DAOM 197198] XP_025177884.1 adaptor-related protein complex 3 mu 1 subunit-like protein [Rhizophagus irregularis DAOM 181602=DAOM 197198]""",
AP4beta,AP4beta_hmm.afaa,Rhizophagus_irregularis.faa,hmmsearch 3.3.1,+,1,0,0,100,XP_025167196.1,"armadillo-type protein [Rhizophagus irregularis DAOM 181602=DAOM 197198] XP_025167196.1 armadillo-ty""",
AP4beta,AP4beta_hmm.afaa,Rhizophagus_irregularis.faa,hmmsearch 3.3.1,-,2,1.10E-156,144,90,XP_025178476.1,"adaptor protein complex beta subunit [Rhizophagus irregularis DAOM 181602=DAOM 197198] XP_025178476.""",
AP4beta,AP4beta_hmm.afaa,Rhizophagus_irregularis.faa,hmmsearch 3.3.1,-,3,9.90E-149,152,84,XP_025182356.1,"putative beta-adaptin [Rhizophagus irregularis DAOM 181602=DAOM 197198] XP_025182356.1 putative beta""",
AP4beta,AP4beta_hmm.afaa,Rhizophagus_irregularis.faa,hmmsearch 3.3.1,-,4,2.30E-45,255,108,XP_025173006.1,"hypothetical protein GLOIN_2v1659682 [Rhizophagus irregularis DAOM 181602=DAOM 197198] XP_025173006.""",
AP4beta,AP4beta_hmm.afaa,Rhizophagus_irregularis.faa,hmmsearch 3.3.1,-,5,1.10E-24,276,123,XP_025178089.1,"putative SEC26-coatomer complex beta chain [Rhizophagus irregularis DAOM 181602=DAOM 197198] XP_0251""",
AP4beta,AP4beta_hmm.afaa,Rhizophagus_irregularis.faa,hmmsearch 3.3.1,-,6,5.50E-17,284,162,XP_025171449.1,"hypothetical protein GLOIN_2v1673472 [Rhizophagus irregularis DAOM 181602=DAOM 197198] XP_025171449.""",
AP4beta,AP4beta_hmm.afaa,Rhizophagus_irregularis.faa,hmmsearch 3.3.1,-,7,3.20E-15,286,121,XP_025185160.1,"Adaptor protein complex AP-2 alpha subunit [Rhizophagus irregularis DAOM 181602=DAOM 197198] XP_0251""",
AP4beta,AP4beta_hmm.afaa,Rhizophagus_irregularis.faa,hmmsearch 3.3.1,-,8,2.70E-10,290,134,XP_025176105.1,"armadillo-type protein [Rhizophagus irregularis DAOM 181602=DAOM 197198] XP_025176105.1 armadillo-ty""",
AP4beta,AP4beta_hmm.afaa,Rhizophagus_irregularis.faa,hmmsearch 3.3.1,-,9,2.90E-10,290,113,XP_025180406.1,"gamma-adaptin [Rhizophagus irregularis DAOM 181602=DAOM 197198] XP_025180406.1 gamma-adaptin [Rhizop""",
AP4beta,AP4beta_hmm.afaa,Rhizophagus_irregularis.faa,hmmsearch 3.3.1,-,10,4.30E-08,293,122,XP_025184295.1,"coatomer subunit gamma [Rhizophagus irregularis DAOM 181602=DAOM 197198] XP_025184295.1 coatomer sub""",
AP4beta,AP4beta_hmm.afaa,Rhizophagus_irregularis.faa,hmmsearch 3.3.1,-,11,0.041,299,136,XP_025173640.1,"armadillo-type protein [Rhizophagus irregularis DAOM 181602=DAOM 197198] XP_025173640.1 armadillo-ty""",
AP4beta,AP4beta_hmm.afaa,Rhizophagus_irregularis.faa,hmmsearch 3.3.1,-,12,0.049,299,78,XP_025164628.1,"hypothetical protein GLOIN_2v1737129 [Rhizophagus irregularis DAOM 181602=DAOM 197198] XP_025164628.""",
AP4beta,AP4beta_hmm.afaa,Rhizophagus_irregularis.faa,hmmsearch 3.3.1,-,13,0.094,299,76,XP_025181440.1,putative ser/thr protein phosphatase 2A regulatory subunit A [Rhizophagus irregularis DAOM 181602=DAO,
AP4beta,AP4beta_hmm.afaa,Rhizophagus_irregularis.faa,hmmsearch 3.3.1,-,14,0.17,299,44,XP_025177599.1,"hypothetical protein GLOIN_2v1614119 [Rhizophagus irregularis DAOM 181602=DAOM 197198] XP_025177599.""",
AP4beta,AP4beta_hmm.afaa,Rhizophagus_irregularis.faa,hmmsearch 3.3.1,-,15,0.33,300,25,XP_025184665.1,"hypothetical protein GLOIN_2v1871018 [Rhizophagus irregularis DAOM 181602=DAOM 197198] XP_025184665.""",
AP4beta,AP4beta_hmm.afaa,Rhizophagus_irregularis.faa,hmmsearch 3.3.1,-,16,1.7,300,26,XP_025172315.1,"hypothetical protein GLOIN_2v1804784 [Rhizophagus irregularis DAOM 181602=DAOM 197198] XP_025172315.""",
AP4epsilon,AP4epsilon_hmm.afaa,Rhizophagus_irregularis.faa,hmmsearch 3.3.1,+,1,0,0,100,XP_025176105.1,"armadillo-type protein [Rhizophagus irregularis DAOM 181602=DAOM 197198] XP_025176105.1 armadillo-ty""",
AP4epsilon,AP4epsilon_hmm.afaa,Rhizophagus_irregularis.faa,hmmsearch 3.3.1,-,2,6.30E-120,181,84,XP_025180406.1,"gamma-adaptin [Rhizophagus irregularis DAOM 181602=DAOM 197198] XP_025180406.1 gamma-adaptin [Rhizop""",
AP4epsilon,AP4epsilon_hmm.afaa,Rhizophagus_irregularis.faa,hmmsearch 3.3.1,-,3,4.80E-101,200,90,XP_025185160.1,"Adaptor protein complex AP-2 alpha subunit [Rhizophagus irregularis DAOM 181602=DAOM 197198] XP_0251""",
AP4epsilon,AP4epsilon_hmm.afaa,Rhizophagus_irregularis.faa,hmmsearch 3.3.1,-,4,2.40E-69,231,121,XP_025171449.1,"hypothetical protein GLOIN_2v1673472 [Rhizophagus irregularis DAOM 181602=DAOM 197198] XP_025171449.""",
AP4epsilon,AP4epsilon_hmm.afaa,Rhizophagus_irregularis.faa,hmmsearch 3.3.1,-,5,3.90E-17,284,75,XP_025167196.1,"armadillo-type protein [Rhizophagus irregularis DAOM 181602=DAOM 197198] XP_025167196.1 armadillo-ty""",
AP4epsilon,AP4epsilon_hmm.afaa,Rhizophagus_irregularis.faa,hmmsearch 3.3.1,-,6,3.40E-07,294,67,XP_025178476.1,"adaptor protein complex beta subunit [Rhizophagus irregularis DAOM 181602=DAOM 197198] XP_025178476.""",
AP4epsilon,AP4epsilon_hmm.afaa,Rhizophagus_irregularis.faa,hmmsearch 3.3.1,-,7,3.30E-06,295,81,XP_025173006.1,"hypothetical protein GLOIN_2v1659682 [Rhizophagus irregularis DAOM 181602=DAOM 197198] XP_025173006.""",
AP4epsilon,AP4epsilon_hmm.afaa,Rhizophagus_irregularis.faa,hmmsearch 3.3.1,-,8,1.70E-05,295,92,XP_025178089.1,"putative SEC26-coatomer complex beta chain [Rhizophagus irregularis DAOM 181602=DAOM 197198] XP_0251""",
AP4epsilon,AP4epsilon_hmm.afaa,Rhizophagus_irregularis.faa,hmmsearch 3.3.1,-,9,0.018,298,27,XP_025185056.1,"hypothetical protein GLOIN_2v1450755 [Rhizophagus irregularis DAOM 181602=DAOM 197198] XP_025185056.""",
AP4epsilon,AP4epsilon_hmm.afaa,Rhizophagus_irregularis.faa,hmmsearch 3.3.1,-,10,0.042,299,43,XP_025176475.1,"hypothetical protein GLOIN_2v1624248 [Rhizophagus irregularis DAOM 181602=DAOM 197198] XP_025176475.""",
AP4epsilon,AP4epsilon_hmm.afaa,Rhizophagus_irregularis.faa,hmmsearch 3.3.1,-,11,0.2,299,91,XP_025184295.1,"coatomer subunit gamma [Rhizophagus irregularis DAOM 181602=DAOM 197198] XP_025184295.1 coatomer sub""",
AP4epsilon,AP4epsilon_hmm.afaa,Rhizophagus_irregularis.faa,hmmsearch 3.3.1,-,12,0.3,299,35,XP_025182481.1,"hypothetical protein GLOIN_2v1564375 [Rhizophagus irregularis DAOM 181602=DAOM 197198] XP_025182481.""",
AP4epsilon,AP4epsilon_hmm.afaa,Rhizophagus_irregularis.faa,hmmsearch 3.3.1,-,13,0.7,300,25,XP_025180552.1,"hypothetical protein GLOIN_2v1827297 [Rhizophagus irregularis DAOM 181602=DAOM 197198] XP_025180552.""",
AP4epsilon,AP4epsilon_hmm.afaa,Rhizophagus_irregularis.faa,hmmsearch 3.3.1,-,14,0.82,300,18,XP_025177536.1,"hypothetical protein GLOIN_2v1876583 [Rhizophagus irregularis DAOM 181602=DAOM 197198] XP_025177536.""",
AP4epsilon,AP4epsilon_hmm.afaa,Rhizophagus_irregularis.faa,hmmsearch 3.3.1,-,15,1,300,20,XP_025172315.1,"hypothetical protein GLOIN_2v1804784 [Rhizophagus irregularis DAOM 181602=DAOM 197198] XP_025172315.""",
AP4epsilon,AP4epsilon_hmm.afaa,Rhizophagus_irregularis.faa,hmmsearch 3.3.1,-,16,1.6,300,27,XP_025170061.1,"hypothetical protein GLOIN_2v1784351 [Rhizophagus irregularis DAOM 181602=DAOM 197198] XP_025170061.""",
AP4epsilon,AP4epsilon_hmm.afaa,Rhizophagus_irregularis.faa,hmmsearch 3.3.1,-,17,1.9,300,27,XP_025186930.1,"hypothetical protein GLOIN_2v1471854 [Rhizophagus irregularis DAOM 181602=DAOM 197198] XP_025186930.""",
AP4epsilon,AP4epsilon_hmm.afaa,Rhizophagus_irregularis.faa,hmmsearch 3.3.1,-,18,2.2,300,22,XP_025169401.1,"hypothetical protein GLOIN_2v1785135 [Rhizophagus irregularis DAOM 181602=DAOM 197198] XP_025169401.""",
AP4epsilon,AP4epsilon_hmm.afaa,Rhizophagus_irregularis.faa,hmmsearch 3.3.1,-,19,4.8,301,65,XP_025188168.1,"kinase-like domain-containing protein [Rhizophagus irregularis DAOM 181602=DAOM 197198] XP_025188168""",
AP4epsilon,AP4epsilon_hmm.afaa,Rhizophagus_irregularis.faa,hmmsearch 3.3.1,-,20,6.3,301,22,XP_025168259.1,"hypothetical protein GLOIN_2v1704230 [Rhizophagus irregularis DAOM 181602=DAOM 197198] XP_025168259.""",
AP4epsilon,AP4epsilon_hmm.afaa,Rhizophagus_irregularis.faa,hmmsearch 3.3.1,-,21,7.1,301,32,XP_025171899.1,"hypothetical protein GLOIN_2v1670247 [Rhizophagus irregularis DAOM 181602=DAOM 197198] XP_025171899.""",
AP4epsilon,AP4epsilon_hmm.afaa,Rhizophagus_irregularis.faa,hmmsearch 3.3.1,-,22,7.1,301,34,XP_025166484.1,"hypothetical protein GLOIN_2v832766 [Rhizophagus irregularis DAOM 181602=DAOM 197198] XP_025166484.1""",
AP4epsilon,AP4epsilon_hmm.afaa,Rhizophagus_irregularis.faa,hmmsearch 3.3.1,-,23,11,301,36,XP_025182862.1,"hypothetical protein GLOIN_2v1560822 [Rhizophagus irregularis DAOM 181602=DAOM 197198] XP_025182862.""",
AP4mu,AP4mu_hmm.afaa,Rhizophagus_irregularis.faa,hmmsearch 3.3.1,+,1,6.00E-207,0,100,XP_025175475.1,"Adaptor complexes medium subunit family protein [Rhizophagus irregularis DAOM 181602=DAOM 197198] XP""",
AP4mu,AP4mu_hmm.afaa,Rhizophagus_irregularis.faa,hmmsearch 3.3.1,-,2,3.70E-112,95,98,XP_025168352.1,"clathrin adaptor mu subunit [Rhizophagus irregularis DAOM 181602=DAOM 197198] XP_025168352.1 clathri""",
AP4mu,AP4mu_hmm.afaa,Rhizophagus_irregularis.faa,hmmsearch 3.3.1,-,3,4.90E-104,103,97,XP_025177352.1,"AP-1 adaptor complex subunit mu, putative [Rhizophagus irregularis DAOM 181602=DAOM 197198] XP_02517""",
AP4mu,AP4mu_hmm.afaa,Rhizophagus_irregularis.faa,hmmsearch 3.3.1,-,4,5.10E-65,142,93,XP_025177884.1,adaptor-related protein complex 3 mu 1 subunit-like protein [Rhizophagus irregularis DAOM 181602=DAOM,
AP4mu,AP4mu_hmm.afaa,Rhizophagus_irregularis.faa,hmmsearch 3.3.1,-,5,2.00E-07,200,115,XP_025186311.1,"hypothetical protein GLOIN_2v1449624, partial [Rhizophagus irregularis DAOM 181602=DAOM 197198] XP_0""",
AP4mu,AP4mu_hmm.afaa,Rhizophagus_irregularis.faa,hmmsearch 3.3.1,-,6,2.30E-05,202,35,XP_025169492.1,"clathrin coat assembly protein ap19 [Rhizophagus irregularis DAOM 181602=DAOM 197198] XP_025169492.1""",
AP4mu,AP4mu_hmm.afaa,Rhizophagus_irregularis.faa,hmmsearch 3.3.1,-,7,5.80E-05,202,35,XP_025175476.1,"hypothetical protein GLOIN_2v1635315 [Rhizophagus irregularis DAOM 181602=DAOM 197198] XP_025175476.""",
AP4mu,AP4mu_hmm.afaa,Rhizophagus_irregularis.faa,hmmsearch 3.3.1,-,8,9.30E-05,202,32,XP_025170073.1,"AP complex, mu/sigma subunit [Rhizophagus irregularis DAOM 181602=DAOM 197198] XP_025170073.1 AP com""",
AP4mu,AP4mu_hmm.afaa,Rhizophagus_irregularis.faa,hmmsearch 3.3.1,-,9,0.017,204,32,XP_025183263.1,"clathrin adaptor complex, small subunit [Rhizophagus irregularis DAOM 181602=DAOM 197198] XP_0251832""",
AP4sigma,AP4sigma_hmm.afaa,Rhizophagus_irregularis.faa,hmmsearch 3.3.1,+,1,6.80E-70,0,100,XP_025183263.1,"clathrin adaptor complex, small subunit [Rhizophagus irregularis DAOM 181602=DAOM 197198] XP_0251832""",
AP4sigma,AP4sigma_hmm.afaa,Rhizophagus_irregularis.faa,hmmsearch 3.3.1,-,2,2.10E-47,22,108,XP_025175476.1,"hypothetical protein GLOIN_2v1635315 [Rhizophagus irregularis DAOM 181602=DAOM 197198] XP_025175476.""",
AP4sigma,AP4sigma_hmm.afaa,Rhizophagus_irregularis.faa,hmmsearch 3.3.1,-,3,1.80E-44,25,99,XP_025170073.1,"AP complex, mu/sigma subunit [Rhizophagus irregularis DAOM 181602=DAOM 197198] XP_025170073.1 AP com""",
AP4sigma,AP4sigma_hmm.afaa,Rhizophagus_irregularis.faa,hmmsearch 3.3.1,-,4,1.40E-39,30,108,XP_025169492.1,"clathrin coat assembly protein ap19 [Rhizophagus irregularis DAOM 181602=DAOM 197198] XP_025169492.1""",
AP4sigma,AP4sigma_hmm.afaa,Rhizophagus_irregularis.faa,hmmsearch 3.3.1,-,5,3.10E-33,37,141,XP_025179253.1,adaptor-related protein complex 3 sigma 1 subunit-like protein [Rhizophagus irregularis DAOM 181602=D,
AP4sigma,AP4sigma_hmm.afaa,Rhizophagus_irregularis.faa,hmmsearch 3.3.1,-,6,4.40E-09,61,289,XP_025177884.1,adaptor-related protein complex 3 mu 1 subunit-like protein [Rhizophagus irregularis DAOM 181602=DAOM,
AP4sigma,AP4sigma_hmm.afaa,Rhizophagus_irregularis.faa,hmmsearch 3.3.1,-,7,7.90E-07,63,125,XP_025179265.1,"putative RET3-coatomer complex zeta chain [Rhizophagus irregularis DAOM 181602=DAOM 197198] XP_02517""",
AP4sigma,AP4sigma_hmm.afaa,Rhizophagus_irregularis.faa,hmmsearch 3.3.1,-,8,1.60E-05,64,303,XP_025177352.1,"AP-1 adaptor complex subunit mu, putative [Rhizophagus irregularis DAOM 181602=DAOM 197198] XP_02517""",
AP4sigma,AP4sigma_hmm.afaa,Rhizophagus_irregularis.faa,hmmsearch 3.3.1,-,9,0.036,68,305,XP_025168352.1,"clathrin adaptor mu subunit [Rhizophagus irregularis DAOM 181602=DAOM 197198] XP_025168352.1 clathri""",
AP4sigma,AP4sigma_hmm.afaa,Rhizophagus_irregularis.faa,hmmsearch 3.3.1,-,10,0.054,68,358,XP_025186311.1,"hypothetical protein GLOIN_2v1449624, partial [Rhizophagus irregularis DAOM 181602=DAOM 197198] XP_0""",
AP4sigma,AP4sigma_hmm.afaa,Rhizophagus_irregularis.faa,hmmsearch 3.3.1,-,11,0.097,68,128,XP_025180272.1,"Bromodomain-containing protein, partial [Rhizophagus irregularis DAOM 181602=DAOM 197198] XP_0251802""",
AP4sigma,AP4sigma_hmm.afaa,Rhizophagus_irregularis.faa,hmmsearch 3.3.1,-,12,9.4,70,226,XP_025184006.1,"hypothetical protein GLOIN_2v1817937 [Rhizophagus irregularis DAOM 181602=DAOM 197198] XP_025184006.""",